usdPrice,logId,activePairs,usdValue,satoshiPrice,exchangeLogId,coins,bestPair,buyTotal,buyTotalBtc,updated,coinUpdated,exchangeName,volume,difficulty,pairValue,exchanges,coinCreated,coinId,pairPrice,sellTotal,logUpdated,created,enabled,sellTotalBtc,volumeBtc,reward,satoshiValue
,1763255,,0.3428647987653707,,0,6886.190430353175,,0.0,0.0,2019-04-06 11:57:13,2019-02-02 01:51:22,,,413764,,,2018-07-18 20:34:16,266,,0.0,2019-04-06 09:57:15,2018-07-18 20:34:16,1,0.0,,2849257697.224651,6886.190430353175
,1552423,,0.0017828622913807917,,0,49.96335246587466,,0.0,0.0,2019-01-25 05:16:49,,,,17902309,,,,265,,0.0,2019-01-24 19:21:23,,,0.0,,894459374.52,49.96335246587466
,1783550,,2.832907955919642e-20,,0,4.0332733196862943e-16,,0.0,0.0,2019-05-13 02:47:47,2019-02-01 01:12:46,,,1819489455,,,2018-03-19 21:08:13,277,,0.0,2019-05-13 02:20:36,2018-03-19 21:08:13,1,0.0,,7.343621960126085e-07,4.0332733196862943e-16
,1552378,,14.153577979359817,,0,396643.20046183426,,0.0,0.0,2019-01-25 05:16:44,,,,3335699,,,,206,,0.0,2019-01-24 18:31:55,,,0.0,,1323082327137.34,396643.20046183426
,1768988,,0.15571271506760864,,0,3021.1701711988226,,0.0,0.0,2019-04-08 14:53:25,2019-02-22 16:14:46,,,1643556,,,2019-01-29 22:57:15,285,,0.0,2019-04-08 14:28:27,2019-01-29 22:57:15,1,0.0,,4965671370.849411,3021.1701711988226
,1552356,,0.08979808722442113,,0,2516.522731141683,,0.0,0.0,2019-01-25 05:16:42,,,,1194221,,,,172,,0.0,2019-01-24 19:21:17,,,0.0,,3005284292.5067515,2516.522731141683
,1783565,,0.00016788474008257038,,0,2.390176852183213,,0.0,0.0,2019-05-13 02:47:48,2019-03-25 18:13:21,,,17866002,,,2019-03-04 20:49:58,306,,0.0,2019-05-13 02:18:29,2019-03-04 20:49:58,1,0.0,,42699026.40423488,2.390176852183213
0.000000000012653586000000002,1783467,"BTC,XMR",1.4792976273372395e-21,0.00000018,7622191,1.1678152281190043e-18,BTC,12625.0,0.00158221,2019-05-13 02:47:38,2019-02-01 01:12:33,FirstCryptoBank,0.0,647631935930,1,"5,22,22",2018-03-16 03:12:13,2,0.00000018,24148.960597251422,2019-05-13 01:52:53,2018-03-16 03:12:13,1,21.00846647,0.0,7.563148850447978e-07,2.1020674106142074e-17
,1552386,,0.004619353047065136,,0,129.45383699605802,,0.0,0.0,2019-01-25 05:16:45,,,,21149327,,,,218,,0.0,2019-01-24 19:15:23,,,0.0,,2737861530.0343285,129.45383699605802
,1552430,,0.0004088103844796949,,0,11.45659843175524,,0.0,0.0,2019-01-25 05:16:50,,,,1026956,,,,275,,0.0,2019-01-24 18:32:05,,,0.0,,11765422.499081632,11.45659843175524
,1703785,,0.00007717660565580254,,0,1.936561051675747,,0.0,0.0,2019-03-17 03:16:44,2019-02-01 01:12:43,,,6057,,,2019-01-29 15:55:07,283,,0.0,2019-03-17 01:55:34,2019-01-29 15:55:07,1,0.0,,11729.75029,1.9365610516757472
,1552352,,0.000027250679658080184,,0,0.7636794604236194,,0.0,0.0,2019-01-25 05:16:41,,,,353785,,,,164,,0.0,2019-01-01 02:58:05,,,0.0,,270178.33790597017,0.7636794604236194
0.000000000365079,1637307,"BTC,LTC",0.00002842110880706686,0.00000920,6759521,0.0007784920197290685,BTC,12022.0,0.02395725,2019-02-22 16:49:36,,FirstCryptoBank,0.0,4933,1,,,262,0.00000920,5066.555015845067,2019-02-22 14:50:46,,,1398.749322,0.01684723,3.8403011333234947,0.716212658150743
,1552327,,0.000008283671959265444,,0,0.23214357262103505,,0.0,0.0,2019-01-25 05:16:38,,,,2995,,,,122,,0.0,2018-11-17 17:44:59,,,0.0,,695.27,0.23214357262103508
,1747782,,0.000004151918434839496,,0,0.1010919812625423,,0.0,0.0,2019-03-31 21:14:52,2019-03-04 21:13:10,,,4636279,,,2019-02-20 04:48:15,298,,0.0,2019-03-31 19:07:38,2019-02-20 04:48:15,1,0.0,,468690.62979591836,0.1010919812625423
,1768943,,0.0000017508906498882054,,0,0.03396126350733352,,0.0,0.0,2019-04-08 14:52:59,2019-02-01 00:56:41,,,3284772,,,2018-06-25 19:03:10,144,,0.0,2019-04-08 14:22:28,2018-06-25 19:03:10,1,0.0,,111575.43774812175,0.03396126350733352
,1552371,,0.0000006649731256356047,,0,0.018635363380047995,,0.0,0.0,2019-01-25 05:16:43,,,,46696331,,,,195,,0.0,2019-01-24 18:46:13,,,0.0,,870203.0967,0.018635363380047995
,1552394,,0.0000006048836289971372,,0,0.01695140118366347,,0.0,0.0,2019-01-25 05:16:45,,,,1774681220,,,,227,,0.0,2019-01-24 19:15:24,,,0.0,,30083333.333333332,0.01695140118366347
,1552388,,0.0000005298596862770258,,0,0.014848912555334574,,0.0,0.0,2019-01-25 05:16:45,,,,15587,,,,220,,0.0,2019-01-24 18:31:57,,,0.0,,231.45,0.014848912555334574
,1774988,,0.0000006859909342603553,,0,0.011329231834329073,,0.0,0.0,2019-05-09 05:08:09,2019-02-01 00:56:34,,,2296270,,,2018-09-02 17:50:58,198,,0.0,2019-05-09 03:24:52,2018-09-02 17:50:58,1,0.0,,26015.020499999962,0.011329231834329075
,1552393,,0.0000003589496835554361,,0,0.010059290413902154,,0.0,0.0,2019-01-25 05:16:45,,,,48668,,,,226,,0.0,2019-01-24 19:15:24,,,0.0,,489.56554586379,0.010059290413902154
,1783519,,0.0000005862046767846024,,0,0.00834609062379592,,0.0,0.0,2019-05-13 02:47:44,2019-02-01 00:56:35,,,76437,,5,2018-07-02 17:21:00,153,,0.0,2019-05-13 02:20:20,2018-07-02 17:21:00,1,0.0,,639.5812811124114,0.008346090623795922
,1680767,,0.00000022590716494256275,,0,0.005879875403237934,,0.0,0.0,2019-03-09 00:54:19,2019-02-01 00:56:03,,,176438782,,16,2018-07-03 01:23:35,155,,0.0,2019-03-08 22:53:26,2018-07-03 01:23:35,1,0.0,,1037438.05445906,0.005879875403237935
,1783544,,0.00000028147528871614413,,0,0.004007325930057099,,0.0,0.0,2019-05-13 02:47:46,2019-02-01 00:56:05,,,2871661,,,2018-11-19 01:47:19,244,,0.0,2019-05-13 02:18:22,2018-11-19 01:47:19,1,0.0,,11507.828940128446,0.0040073259300571
,1552304,,0.00000005972632975694445,,0,0.0016737847222222221,,0.0,0.0,2019-01-25 05:16:36,,,,60,,,,88,,0.0,2019-01-24 18:31:42,,,0.0,,0.10042708333333333,0.0016737847222222223
,1552398,,0.000000034225746042261,,0,0.0009591503624167258,,0.0,0.0,2019-01-25 05:16:46,,,,9679327,,,,232,,0.0,2018-11-20 22:02:50,,,0.0,,9283.93,0.000959150362416726
0.000000000009259512,1647283,btc,0.00000003183597911997744,0.00000024,6785917,3.436590663791233e-05,btc,24854832.591830164,3.6922892384334838,2019-02-25 21:44:04,,Bittrex,7293259.58763658,4364734,1,,,145,0.00000024,99443082.98008369,2019-02-25 19:49:15,,,55.09771815800025,1.78546021,150.0,0.0008247817593098959
,1578656,,0.000000022412443194028717,,0,0.0006476973323194893,,0.0,0.0,2019-02-02 11:56:04,2019-02-01 06:40:57,,,73979674,,12,2018-04-09 15:58:31,79,,0.0,2019-02-02 10:00:45,2018-04-09 15:58:31,1,0.0,,47916.43750379518,0.0006476973323194893
,1552342,,0.00000002009075084587836,,0,0.0005630279302386643,,0.0,0.0,2019-01-25 05:16:40,,,,204136,,,,149,,0.0,2018-12-05 21:11:34,,,0.0,,114.93426956719999,0.0005630279302386644
,1783534,,0.000000039209815120689346,,0,0.000558228975086194,,0.0,0.0,2019-05-13 02:47:45,2019-02-01 06:41:57,,,402671,,,2018-09-13 14:23:19,214,,0.0,2019-05-13 02:20:27,2018-09-13 14:23:19,1,0.0,,224.78844205232295,0.000558228975086194
,1666704,,0.000000016951848692040003,,0,0.00045669787388,,0.0,0.0,2019-03-04 10:13:20,2019-02-01 06:37:17,,,100000,,,2018-11-15 22:27:14,242,,0.0,2019-03-04 09:04:15,2018-11-15 22:27:14,1,0.0,,45.669787388,0.00045669787388
0.000000000006326793000000001,1783477,btc,0.000000031864708949253546,0.00000009,7622217,5.031048667402351e-05,btc,1835078.57391266,0.0608465352282092,2019-05-13 02:47:39,2019-02-01 00:56:37,TradeOgre,0.0,1173297,1,"4,5",2018-03-16 03:12:16,20,0.00000009,2279170.28595418,2019-05-13 01:59:49,2018-03-16 03:12:16,1,5.279309685630553,0.0,59.030048543035605,0.00045279438006621154
,1783561,,0.000000021479514629585318,,0,0.00030580314374496764,,0.0,0.0,2019-05-13 02:47:48,2019-03-25 18:12:45,,,10318966,,,2019-02-22 00:45:20,302,,0.0,2019-05-13 02:20:40,2019-02-22 00:45:20,1,0.0,,3155.6432890545334,0.00030580314374496764
,1552406,,0.000000008906379557299162,,0,0.0002495944769080066,,0.0,0.0,2019-01-25 05:16:47,,,,3735299,,,,241,,0.0,2018-11-16 17:11:58,,,0.0,,932.31,0.0002495944769080066
,1554117,,0.000000007253182257768955,,0,0.00020359299879700284,,0.0,0.0,2019-01-25 17:26:15,,,,194677,,,,121,,0.0,2019-01-24 18:20:57,,,0.0,,39.63487422680412,0.00020359299879700284
,1552399,,0.000000007138961244032115,,0,0.0002000639301196667,,0.0,0.0,2019-01-25 05:16:46,,,,1499554,,,,233,,0.0,2019-01-24 19:19:48,,,0.0,,300.00666666666666,0.0002000639301196667
,1783560,,0.000000012296439846480696,,0,0.00017506188533659024,,0.0,0.0,2019-05-13 02:47:47,2019-03-25 18:12:26,,,18562517,,,2019-02-21 22:18:09,301,,0.0,2019-05-13 02:20:39,2019-02-21 22:18:09,1,0.0,,3249.9153615380424,0.00017506188533659024
0.000000000007732747000000001,1783483,btc,0.000000008982643761687303,0.00000011,7622229,1.1603887936942622e-05,btc,1591755.42983155,0.0331842464754727,2019-05-13 02:47:40,2019-02-01 00:56:45,TradeOgre,0.0,5257281,1,"4,17",2018-03-16 03:12:18,30,0.00000011,2073383.42154881,2019-05-13 02:01:58,2018-03-16 03:12:18,1,2.592379076924961,0.00238917,61.00809320999177,0.00012764276730636883
0.000000000014762517,1783528,"BTC,LTC",0.00000000895292255808148,0.00000021,7622299,6.0703964704497e-06,BTC,654757.982953083,0.55347942,2019-05-13 02:47:45,2019-02-01 00:55:54,FirstCryptoBank,0.0,28779025,1,"17,22,26",2018-08-01 16:36:34,180,0.00000021,46435.55533190082,2019-05-13 02:20:22,2018-08-01 16:36:34,1,40.27054669,0.00493824,177.7009947724339,0.0001274783258794437
0.000000000333526752,1554161,btc,0.0000000036135493584516774,0.00000936,6499557,1.0819377612627913e-07,btc,2085136.2216228014,1.2495714478192905,2019-01-25 17:26:21,2019-02-01 01:12:48,TradeOgre,0.0,145370703,1,4,2018-09-07 16:42:20,211,0.00000936,161626.0785467506,2018-09-15 01:01:43,2018-09-07 16:42:20,1,2.024116095554884,0.19272417,15.882047950616585,0.00010143446905781549
,1740308,,0.000000004039646284714563,,0,9.952820480338295e-05,,0.0,0.0,2019-03-29 09:02:54,2019-03-25 18:10:19,,,14837060,,,2018-10-04 20:28:19,223,,0.0,2019-03-29 07:58:54,2018-10-04 20:28:19,1,0.0,,1476.7095299556743,0.00009952820480338295
,1777827,,0.0000000061170166445325535,,0,9.722438214742144e-05,,0.0,0.0,2019-05-10 08:40:11,2019-02-01 06:41:08,,,1754990,,,2018-05-26 06:41:54,117,,0.0,2019-05-10 07:32:34,2018-05-26 06:41:54,1,0.0,,170.6282038022194,0.00009722438214742144
0.00000000006959472300000001,1783496,btc,0.000000006610455862627194,0.00000099,7622253,9.50633955515621e-07,btc,1201551.23742386,0.7776909185246711,2019-05-13 02:47:41,2019-02-01 00:56:44,TradeOgre,0.0,167339840,1,"4,25",2018-04-02 14:15:02,67,0.00000099,736620.5697687924,2019-05-13 02:04:28,2018-04-02 14:15:02,1,2.23869634556173,0.04590309,159.08109506583148,0.00009411276159604648
0.000000000413350476,1783472,btc,0.0000000064349688603781945,0.00000588,7622203,1.553442305034849e-07,btc,34601946.71034091,13.133708608770004,2019-05-13 02:47:39,2019-02-01 06:15:36,TradeOgre,0.0,1258270998,1,"4,10,10,12,21",2018-03-16 03:12:15,13,0.00000588,1118640.96381423,2019-05-13 01:55:20,2018-03-16 03:12:15,1,7.9702554546591555,0.67841927,196.04761098907028,0.00009144190266494382
0.000000000041824836000000004,1768972,btc,0.000000004668087146758748,0.00000081,7222345,1.1162396293988073e-06,btc,17221247.84842236,0.29776736434291157,2019-04-08 14:53:17,2019-02-01 00:56:49,TradeOgre,0.0,22638672,1,"4,24",2018-05-23 09:53:31,236,0.00000081,1325304.2102086311,2019-04-08 14:28:23,2018-05-23 09:53:31,1,4.9115072957224815,0.05137326,25.2702773946538,0.00009047141801771342
0.0000000000049208390000000005,1783497,btc,0.000000005625681339730375,0.00000007,7622255,1.1442076513538333e-05,btc,1451679.4992723945,0.021575214760112472,2019-05-13 02:47:41,2019-02-01 00:56:35,Crex24,0.0,2007876,1,12,2018-04-02 20:35:54,71,0.00000007,1444393.0446144282,2019-05-13 02:06:44,2018-04-02 20:35:54,1,55556353.35061817,0.0007410391108906,23.000159308854208,0.00008009453559476835
0.000000795066987,1783466,btc,0.000000005526820380703662,0.01131000,7622189,7.298760091222004e-11,btc,544481.4026304252,20.035592968305952,2019-05-13 02:47:38,2019-02-01 00:56:48,Finexbox,350172.25,38419796555,1,"3,4,5,10,11,12,20,21,22,24,25,26,28",2018-03-16 03:02:55,1,0.01131000,4243.866815783552,2019-05-13 01:52:52,2018-03-16 03:02:55,1,6560.13106561567,0.0,2.8043301930729343,0.00007853441514891132
0.000000000009841678000000001,1783543,btc,0.000000005515597547570903,0.00000014,7622318,5.6088615185129455e-06,btc,8725888.235471195,0.7520602721120973,2019-05-13 02:47:46,2019-02-01 00:56:10,TradeOgre,0.0,147936704,1,"4,5",2018-03-16 03:12:15,238,0.00000014,8171660.28961669,2019-05-13 02:20:28,2018-03-16 03:12:15,1,2.7297485149166203,0.09799005,829.9612776010412,0.00007852406125918122
0.0000000000007029770000000001,1783525,BTC,0.000000005467122062827938,0.00000001,7622294,7.783267206306889e-05,BTC,90671.0,0.00090671,2019-05-13 02:47:44,2019-02-01 00:56:00,FirstCryptoBank,0.0,1315941,1,22,2018-07-23 16:49:21,176,0.00000001,136275.61833431243,2019-05-13 02:18:15,2018-07-23 16:49:21,1,394.35459412,0.0,102.55175599279112,0.00007783267206306889
,1554173,,0.0000000026795707674305487,,0,7.521413755260824e-05,,0.0,0.0,2019-01-25 17:26:23,,,,1903295,,,,228,,0.0,2019-01-24 18:21:10,,,0.0,,143.1546919331915,0.00007521413755260824
,1783551,,0.000000005149283182800422,,0,7.330916850853803e-05,,0.0,0.0,2019-05-13 02:47:47,2019-02-20 03:29:00,,,190811914,,,2019-01-26 04:04:31,280,,0.0,2019-05-13 02:20:36,2019-01-26 04:04:31,1,0.0,,13990.263085967952,0.00007330916850853803
0.000000000282596754,1783481,btc,0.0000000050668427146746476,0.00000402,7622225,1.7895544742537265e-07,btc,27102093.770433597,0.49632820228128477,2019-05-13 02:47:39,2019-02-01 01:12:46,TradeOgre,0.0,314450348,1,"4,10",2018-03-16 03:12:17,26,0.00000402,358868.29791259795,2019-05-13 01:59:49,2018-03-16 03:12:17,1,36.26993525326186,0.07918806,56.286485744538474,0.00007199938294220681
0.00000000002108931,1783480,btc,0.000000004713221689432216,0.00000030,7622222,2.2324808130052838e-06,btc,822679.7992955699,0.04407845198412901,2019-05-13 02:47:39,2019-02-10 06:00:40,TradeOgre,0.0,7941068,1,"4,22,25",2018-03-16 03:12:17,24,0.00000030,2051404.2132958786,2019-05-13 01:59:49,2018-03-16 03:12:17,1,13.878702551307848,0.00363894,17.728290441852625,0.00006697442439015851
0.000000000009841678000000001,1783524,"BTC,LTC",0.000000004674861869440437,0.00000014,7622293,4.753899956851746e-06,BTC,214985.2,0.0130528,2019-05-13 02:47:44,2019-02-01 00:56:34,FirstCryptoBank,0.0,4972735,1,22,2018-07-22 04:27:43,173,0.00000014,703598.1983490599,2019-05-13 02:20:21,2018-07-22 04:27:43,1,10823.68628372,0.00124446,23.647705522990794,0.00006655459939592444
0.00000000044076657900000004,1783513,btc,0.000000004603060493892575,0.00000627,7622278,1.0451035991063082e-07,btc,1886272.9488104945,0.45530230418259554,2019-05-13 02:47:43,2019-02-01 00:56:40,TradeOgre,0.0,460479481,1,"4,17",2018-06-07 21:25:09,131,0.00000627,167355.96485958,2019-05-13 02:15:47,2018-06-07 21:25:09,1,3.3390821945903886,0.05673563,48.60887754305969,0.00006552799566396554
0.000000000003098136,1768901,btc,0.0000000033163883017032503,0.00000006,7222233,1.0712680138568927e-05,btc,11822482.11413383,0.4332833269336827,2019-04-08 14:52:05,2019-02-01 00:56:41,BTC-Alpha,1198400.0,35421025,1,"3,5,11",2018-03-16 03:12:17,27,0.00000006,27738915.046168827,2019-04-08 14:20:01,2018-03-16 03:12:17,1,67505.52934684508,0.0,379.3644425354987,0.00006427608083141356
0.0000000033061008310000003,1783484,btc,0.000000004448727534728325,0.00004703000000000000203285305256,7622231,1.3346167381453816e-08,btc,280507.28395540954,3.716689967523168,2019-05-13 02:47:40,2019-02-01 00:56:47,Bittrex,198043.98968893,1407779627,1,"4,21",2018-03-16 03:12:18,31,0.000047030000000000002032853052558181161657557822763919830322265625,149672.34900113658,2019-05-13 02:01:59,2018-03-16 03:12:18,1,11.39069809402134,9.37273836,18.804186612608184,0.0000632172493599933
,1654400,,0.000000002240502449731099,,0,5.869747605593359e-05,,0.0,0.0,2019-02-28 05:18:27,2019-02-01 00:56:00,,,73200737,,,2018-06-29 16:27:29,151,,0.0,2019-02-28 03:25:31,2018-06-29 16:27:29,1,0.0,,4296.745139890576,0.00005869747605593359
,1552419,,0.0000000018504612254563754,,0,5.185776090440864e-05,,0.0,0.0,2019-01-25 05:16:49,,,,7675579,,,,260,,0.0,2018-12-31 11:46:02,,,0.0,,398.03834058489997,0.00005185776090440864
0.00000000000042178620000000004,1783509,btc,0.000000003560546720826677,0.000000006,7622270,8.44854664491996e-05,btc,96236507.59057647,0.26876296027671737,2019-05-13 02:47:42,2019-02-01 00:55:55,Crex24,0.0,6959998,1,"12,27",2018-05-11 18:11:09,105,0.000000006,98864345.0596901,2019-05-13 02:15:40,2018-05-11 18:11:09,1,468525267.5845991,0.01077768207072934,588.0214284834095,0.000050691279869519764
0.000000000052020298,1783536,BTC,0.0000000034675321896350557,0.00000074,7622307,6.67162110244121e-07,BTC,1070290.970929408,0.15041349,2019-05-13 02:47:45,2019-02-01 00:56:51,FirstCryptoBank,0.0,9475134,1,22,2018-09-14 17:32:41,217,0.00000074,778646.2900471298,2019-05-13 02:20:27,2018-09-14 17:32:41,1,12055.62925198,0.01513537,6.357371572785422,0.00004936999615806496
,1695845,,0.000000001851279797304393,,0,4.793404167907929e-05,,0.0,0.0,2019-03-14 07:34:15,2019-02-01 00:56:07,,,273711,,,2018-05-27 20:04:07,118,,0.0,2019-03-14 06:03:26,2018-05-27 20:04:07,1,0.0,,13.120074482022472,0.000047934041679079295
0.000000000014762517,1783488,btc,0.000000002940565544918082,0.00000021,7622236,1.9897184554059337e-06,btc,2343593.178713194,0.2593486457046212,2019-05-13 02:47:40,2019-02-01 00:56:35,Crex24,0.0,100857883,1,"4,12,17,27",2018-03-19 15:04:36,37,0.00000021,1358817.3148618387,2019-05-13 01:59:51,2018-03-19 15:04:36,1,39401.334981336295,0.0213669515553331,200.96409240288946,0.00004178408756352461
0.0000000000007029770000000001,1783512,BTC,0.0000000028775096593337805,0.00000001,7622277,4.0967473624809615e-05,BTC,10000.0,0.0001,2019-05-13 02:47:43,2019-02-01 00:55:59,FirstCryptoBank,0.0,264995,1,22,2018-06-03 22:43:15,126,0.00000001,299316.7611111111,2019-05-13 02:15:45,2018-06-03 22:43:15,1,0.032061,0.0,10.859903645832109,0.000040967473624809615
0.000000000056941137,1783471,btc,0.0000000026034465454446414,0.00000081,7622200,4.566973058971246e-07,btc,7124816.538040855,3.011287884042101,2019-05-13 02:47:39,2019-02-01 00:56:09,TradeOgre,0.0,1290739766,1,"4,5,25",2018-03-16 03:12:15,12,0.00000081,4700083.591728666,2019-05-13 01:55:20,2018-03-16 03:12:15,1,6.518743706789266,1.39555972,589.8199677582253,0.0000369924817776671
0.0000000023275568470000004,1783517,btc,0.0000000025101333576037264,0.00003311,7622288,1.1870372296979516e-08,btc,291852.3673254215,0.36336592386566696,2019-05-13 02:47:44,2019-02-01 00:56:00,Finexbox,249674.0,649877334,1,"4,4,5,17,20,22,25,28",2018-06-24 20:29:51,142,0.00003311,83333.66906283046,2019-05-13 02:15:47,2018-06-24 20:29:51,1,9.991711484713377,0.0,7.75010916978174,0.00003573453639279858
,1765108,,0.000000001659173683752408,,0,3.279913342952103e-05,,0.0,0.0,2019-04-07 02:28:46,2019-02-01 06:47:10,,,511878,,,2018-12-24 21:27:30,273,,0.0,2019-04-07 00:24:42,2018-12-24 21:27:30,1,0.0,,16.789154821636366,0.00003279913342952103
0.0000000000014059540000000002,1783547,BTC,0.0000000022962069639168805,0.00000002,7622321,1.6345173846776625e-05,BTC,1088993.5,0.01124633,2019-05-13 02:47:46,2019-02-01 00:56:01,FirstCryptoBank,0.0,984298,1,22,2018-12-03 17:08:07,258,0.00000002,511973.6069869935,2019-05-13 02:18:24,2018-12-03 17:08:07,1,21.871007846199365,0.0,16.095217478853172,0.00003269034769355325
0.0000000008548200320000001,1783476,btc,0.000000002255139676094448,0.00001216,7622213,2.634590856389731e-08,btc,825637.8327426924,1.232286144832725,2019-05-13 02:47:39,2019-02-01 00:56:35,TradeOgre,0.0,288823157,1,"3,4,5,12,27",2018-03-16 03:12:16,19,0.00001216,117118.57505052294,2019-05-13 01:59:48,2018-03-16 03:12:16,1,3.722114829256616,0.21725669,7.616583616691749,0.00003204510864832185
,1687936,,0.0000000012241365074549444,,0,3.147956775594083e-05,,0.0,0.0,2019-03-11 10:33:14,2019-02-01 01:12:43,,,1033619,,,2018-05-21 18:46:40,111,,0.0,2019-03-11 09:31:53,2018-05-21 18:46:40,1,0.0,,32.537879344327806,0.00003147956775594083
,1783504,,0.0000000019797585245508555,,0,2.81855966277647e-05,,0.0,0.0,2019-05-13 02:47:42,2019-03-25 18:14:24,,,3057268,,,2018-04-16 15:30:36,93,,0.0,2019-05-13 02:13:25,2018-04-16 15:30:36,1,0.0,,86.17132719559122,0.0000281855966277647
0.000000000034445873000000003,1783503,btc,0.0000000019225987772688638,0.00000049,7622263,5.586198692320844e-07,btc,609670.2519503891,0.06633338456983755,2019-05-13 02:47:42,2019-02-01 00:56:01,Crex24,0.0,8946369,1,"12,17,22",2018-04-16 15:12:22,91,0.00000049,184669.74152962,2019-05-13 01:53:07,2018-04-16 15:12:22,1,90.36284053647145,0.0103254572641319,5.000138297872341,0.000027372373592372128
0.000000000000593596,1769908,BTC,0.0000000015262211042589363,0.00000001,7562020,2.5834951829894142e-05,BTC,743122.0,0.00743122,2019-05-07 04:58:21,2019-02-01 00:56:12,FirstCryptoBank,0.0,1621796,1,22,2018-07-16 18:46:23,169,0.00000001,1593401.2737547632,2019-05-07 03:53:50,2018-07-16 18:46:23,1,41.40912107,0.00342649,41.9005779168128,0.000025834951829894142
,1552366,,0.000000000879934328829475,,0,2.465948673135057e-05,,0.0,0.0,2019-01-25 05:16:43,,,,899451,,,,188,,0.0,2019-01-24 18:31:53,,,0.0,,22.18,0.00002465948673135057
,1552314,,0.0000000007616360430687998,,0,2.1344267728658136e-05,,0.0,0.0,2019-01-25 05:16:37,,,,1138490,,,,104,,0.0,2018-12-25 00:48:45,,,0.0,,24.3002353664,0.000021344267728658136
0.00000000000702977,1783552,BTC,0.0000000014859045165814886,0.0000001,7622326,2.115527353269826e-06,BTC,127364.9,0.0039223,2019-05-13 02:47:47,2019-02-22 16:14:13,FirstCryptoBank,0.0,1457981,1,22,2019-01-26 04:12:02,281,0.0000001,252462.95264460208,2019-05-13 02:11:46,2019-01-26 04:12:02,1,427.36546797,1.3e-05,3.087866768020056,0.000021155273532698258
,1769188,,0.000000001178657816325039,,0,2.0465154276792806e-05,,0.0,0.0,2019-05-06 21:50:34,2019-02-01 01:12:48,,,9691538,,,2019-01-05 03:35:28,276,,0.0,2019-05-06 19:48:51,2019-01-05 03:35:28,1,0.0,,198.3388203494,0.000020465154276792806
0.0000000000007029770000000001,1783510,BTC,0.0000000013880228186265643,0.00000001,7622273,1.9761856403457034e-05,BTC,79004.0,0.00079004,2019-05-13 02:47:42,2019-02-01 00:56:48,FirstCryptoBank,0.0,28505027,1,"5,22,27",2018-05-21 18:48:26,112,0.00000001,1382761.0833333333,2019-05-13 02:15:42,2018-05-21 18:48:26,1,4.04265314,0.0,564.3569545305445,0.000019761856403457034
,1646523,,0.0000000006670114848317229,,0,1.7558709702710703e-05,,0.0,0.0,2019-02-25 15:36:35,2019-02-01 06:20:01,,,398776,,,2019-01-26 03:47:29,278,,0.0,2019-02-25 13:39:12,2019-01-26 03:47:29,1,0.0,,7.001992020408164,0.000017558709702710703
0.000000000186991882,1783489,btc,0.0000000012122297554277598,0.000002659999999999999943157448500929973533857264555990695953369140625,7622239,6.54948427602011e-08,btc,350521.74027875956,0.07887378280760787,2019-05-13 02:47:40,2019-02-01 00:55:57,Crex24,0.0,78020608,1,"5,12,27",2018-03-19 21:10:22,42,0.000002659999999999999943157448500929973533857264555990695953369140625,100942.10880628998,2019-05-13 02:06:41,2018-03-19 21:10:22,1,2227608.968631374,0.0855686957692359,5.111323337313663,0.000017225862725332764
0.00000000060230548,1771626,btc,0.0000000009358958832033255,0.00001022,7572994,1.5547909873149953e-08,btc,141453.01730459946,1.0683071242922881,2019-05-07 21:19:39,2019-02-01 01:12:38,TradeOgre,0.0,6639439,1,"4,7,16",2018-05-30 20:52:08,120,0.00001022,272183.8363736015,2019-05-07 20:04:34,2018-05-30 20:52:08,1,231318.07324092233,0.06918336,0.1032379,0.00001590151016239204
0.000000000017574425000000002,1783546,btc,0.0000000010878963378149492,0.00000025,7622320,6.195222496129487e-07,btc,46170154.152,0.62709171804,2019-05-13 02:47:46,2019-02-01 00:56:35,Finexbox,168993.0586,292418218,1,28,2018-11-25 19:28:29,256,0.00000025,2892520.9582,2019-05-13 02:18:23,2018-11-25 19:28:29,1,43893.02322814165,0.0,181.21784725181936,0.00001548805624032372
,1783557,,0.0000000010441407233193416,,0,1.4865217469266225e-05,,0.0,0.0,2019-05-13 02:47:47,2019-03-25 18:10:56,,,58591010,,,2019-02-20 04:18:13,297,,0.0,2019-05-13 02:20:38,2019-02-20 04:18:13,1,0.0,,871.054594385692,0.000014865217469266225
0.000000000058347091,1783533,btc,0.0000000008998051591003929,0.00000083,7622304,1.5433609900466376e-07,btc,13705761.273107812,1.0798565515441145,2019-05-13 02:47:45,2019-02-01 06:39:19,TradeSatoshi,137889.629342,387782686,1,7,2018-09-13 14:20:34,212,0.00000083,13441544.24500996,2019-05-13 02:20:27,2018-09-13 14:20:34,1,15200781.507462686,0.0,60.01317245684982,0.000012809896217387092
0.00000000012864479100000001,1783516,btc,0.0000000007736914940236096,0.00000183,7622281,6.019269627984021e-08,btc,2825188.388791367,0.6003953051562076,2019-05-13 02:47:43,2019-02-01 00:55:54,TradeOgre,0.0,309390082,1,"4,12,12",2018-06-15 14:42:12,137,0.00000183,563950.5138839396,2019-05-13 02:18:07,2018-06-15 14:42:12,1,48849.95987571585,0.02485392,18.6416477642568,0.000011015263419210756
,1552412,,0.0000000003639692727804824,,0,1.0199960563749037e-05,,0.0,0.0,2019-01-25 05:16:47,,,,38869448,,,,247,,0.0,2019-01-24 18:32:01,,,0.0,,396.46683673469386,0.000010199960563749037
0.000000000004217862,1783555,"BTC,LTC",0.0000000007043418392833447,0.00000006,7622327,1.6711955269008846e-06,BTC,645064.7666666667,0.0250811,2019-05-13 02:47:47,2019-03-25 18:10:43,FirstCryptoBank,0.0,19010236,1,22,2019-01-30 15:36:59,286,0.00000006,461502.2802838498,2019-05-13 02:20:37,2019-01-30 15:36:59,1,1.49425472,0.00607623,31.876914300056622,0.000010027173161405307
0.0000000000028119080000000003,1783538,BTC,0.0000000006885000818428287,0.00000004,7622311,2.4505544256100544e-06,BTC,373170.0,0.0119808,2019-05-13 02:47:45,2019-02-01 00:56:09,FirstCryptoBank,0.0,3137115,1,"22,24",2018-10-03 18:53:26,221,0.00000004,131552.84827387411,2019-05-13 02:18:20,2018-10-03 18:53:26,1,56.7649867,0.0,7.688928477629791,0.000009802217702440217
,1552286,,0.00000000031013653688301535,,0,8.69370786056467e-06,,0.0,0.0,2019-01-25 05:16:34,,,,244829930,,,,47,,0.0,2019-01-24 19:21:12,,,0.0,,2128.479886942498,0.00000869370786056467
,1783559,,0.0000000005590918263396658,,0,7.960222524625469e-06,,0.0,0.0,2019-05-13 02:47:47,2019-03-25 18:11:46,,,1232888,,,2019-02-21 19:23:28,300,,0.0,2019-05-13 02:20:39,2019-02-21 19:23:28,1,0.0,,9.86757211912317,0.000007960222524625469
,1676147,,0.00000000029290589539517286,,0,7.597974230858192e-06,,0.0,0.0,2019-03-07 11:24:21,2019-02-01 01:12:36,,,44571915,,,2018-12-24 21:32:08,274,,0.0,2019-03-07 09:41:27,2018-12-24 21:32:08,1,0.0,,338.65980624654657,0.000007597974230858192
0.000000004586221948000001,1783500,btc,0.0000000005313264817482261,0.00006524000000000000556044793543,7622259,1.1121737334974362e-09,btc,292735.8407801106,1.8532641543548132,2019-05-13 02:47:41,2019-02-01 00:55:54,Bittrex,26574.45688354,5458190939,1,"4,21",2018-04-09 16:09:17,82,0.000065240000000000005560447935426537924286094494163990020751953125,75357.95345055136,2019-05-13 02:02:05,2018-04-09 16:09:17,1,22.283202056863303,1.73042142,6.0704597308423365,0.000007564450835958046
,1748899,,0.00000000026554776568114306,,0,6.434214795817497e-06,,0.0,0.0,2019-04-01 06:25:37,2019-02-01 00:55:56,,,1136436,,,2018-09-07 15:42:03,201,,0.0,2019-04-01 05:17:57,2018-09-07 15:42:03,1,0.0,,7.312073325699653,0.0000064342147958174975
0.0000000000007029770000000001,1783494,"btc,eth",0.0000000004369633692277485,0.00000001,7622251,5.17431585866012e-07,btc,115653.13733333333,0.0015670830402701706,2019-05-13 02:47:41,2019-02-01 00:56:38,Bitebtc,0.0,1932620,1,"5,22,26,27,28",2018-03-26 05:22:46,61,0.00000001,38681.16331413566,2019-05-13 02:06:43,2018-03-26 05:22:46,1,1006.3366838751398,0.0,1.0000005287239744,0.000006209179030392145
0.000000000018277402,1783541,btc,0.0000000004139975973547918,0.00000026,7622315,2.266989773183458e-07,btc,0.0,0.0,2019-05-13 02:47:46,2019-02-01 00:56:45,Raisex,0.0,204930178,1,26,2018-10-22 02:08:48,231,0.00000026,0.0,2019-05-13 02:18:20,2018-10-22 02:08:48,1,0.0,0.0,46.489190526912516,0.000005894173410276992
,1783485,,0.000000000398423901269859,,0,5.661511629650693e-06,,0.0,0.0,2019-05-13 02:47:40,2019-02-01 00:56:47,,,1278242,,5,2018-03-16 03:12:18,32,,0.0,2019-05-13 01:59:50,2018-03-16 03:12:18,1,0.0,,7.240855189209894,0.000005661511629650693
0.00000000010755548100000001,1783511,btc,0.0000000003918566182630564,0.00000153,7622275,3.646088756049083e-08,btc,358147.23426289,0.19863325203069432,2019-05-13 02:47:42,2019-02-01 00:55:56,TradeOgre,0.0,521474128,1,"4,5",2018-05-22 14:58:44,113,0.00000153,517056.84974264,2019-05-13 02:15:43,2018-05-22 14:58:44,1,4.685133478716051,0.01878971,19.10209052622298,0.000005578515796755098
0.000000000003514885,1783542,btc,0.00000000036855514461531154,0.00000005,7622316,1.0493722672075918e-06,btc,0.0,0.0,2019-05-13 02:47:46,2019-02-01 06:31:10,Raisex,0.0,168488182,1,"26,27",2018-10-22 22:00:26,234,0.00000005,11462.996,2019-05-13 02:20:28,2018-10-22 22:00:26,1,0.01134836604,0.0,177.2924513140655,0.000005246861336037959
0.0000000000005167010000000001,1768886,btc,0.00000000026627622401352283,0.00000001,7222378,5.161477591808461e-06,btc,647176.0,0.00647176,2019-04-08 14:51:45,2019-02-01 01:12:36,Crex24,0.0,9432034,1,12,2018-03-16 03:12:13,5,0.00000001,1532950.00798202,2019-04-08 14:26:00,2018-03-16 03:12:13,1,1111896.48814184,0.00428363,48.69785764367016,0.000005161477591808461
0.0000000000007029770000000001,1783527,BTC,0.00000000035766117904871186,0.00000001,7622298,5.092051801770436e-06,BTC,2000776.0,0.02000776,2019-05-13 02:47:44,2019-02-20 17:01:20,FirstCryptoBank,0.0,677896063,1,"5,22",2018-08-01 16:28:32,179,0.00000001,14248283.911946677,2019-05-13 02:20:22,2018-08-01 16:28:32,1,5.33711194,6.74e-05,3450.978185582696,0.000005092051801770436
,1552289,,0.00000000017424912384909915,,0,4.883198457801082e-06,,0.0,0.0,2019-01-25 05:16:34,,,,33302469870,,,,54,,0.0,2019-01-24 19:16:48,,,0.0,,162622.569510151,0.000004883198457801082
,1752953,,0.00000000021667261007208872,,0,4.592246198506981e-06,,0.0,0.0,2019-04-02 16:44:06,2019-02-01 06:32:27,,,2177667,,,2018-08-01 23:55:09,181,,0.0,2019-04-02 15:28:10,2018-08-01 23:55:09,1,0.0,,10.000395628283814,0.000004592246198506981
0.000000017480226082,1783514,btc,0.0000000003193917274141675,0.00024866,7622279,1.8306439047031458e-10,btc,4702.818259806899,0.008067912210462946,2019-05-13 02:47:43,2019-02-01 01:12:48,TradeOgre,0.0,15078708558,1,4,2018-06-12 01:07:11,135,0.00024866,179.49429964,2019-05-13 02:15:47,2018-06-12 01:07:11,1,5.026798700606594,0.00531025,2.76039706194066,0.000004547145173260927
0.0000000000007272960000000001,1620153,btc,0.00000000015619638279258353,0.00000002,6696112,2.14965985663381e-06,btc,4341674.27126056,0.0479381022052112,2019-02-17 13:09:07,2019-02-01 01:12:38,TradeOgre,0.0,46510437,1,4,2018-03-16 03:12:14,10,0.00000002,4109766.79808031,2019-02-17 11:21:13,2018-03-16 03:12:14,1,0.1997230937751353,0.00215132,100.0,0.00000429931971326762
0.000000000002065424,1768934,btc,0.00000000020255150063933263,0.00000004,7222294,9.754721969399363e-07,btc,152738.278,0.0022095311199999998,2019-04-08 14:52:50,2019-02-01 01:12:39,Kompler,0.0,26582595,1,"17,27",2018-05-26 05:43:15,116,0.00000004,51896.221,2019-04-08 14:22:23,2018-05-26 05:43:15,1,1.3368030274734293,0.0,25.931643604170844,0.000003901888787759745
0.0000000000017871910000000002,1766897,btc,0.0000000001969292169952921,0.000000035,7211992,1.1018923942392956e-06,btc,1914137.0852,0.0152723574729,2019-04-07 20:38:05,2019-02-01 00:56:08,Graviex,25528.85,67883255,1,20,2018-06-03 22:40:03,125,0.000000035,1001975.4986,2019-04-07 18:35:32,2018-06-03 22:40:03,1,32.2497668025648,0.00089350975,74.80004238070663,0.000003856623379837534
,1552425,,0.00000000013273755506245112,,0,3.719868484013606e-06,,0.0,0.0,2019-01-25 05:16:49,,,,6004137,,,,268,,0.0,2018-12-17 23:28:16,,,0.0,,22.3346,0.000003719868484013606
,1552321,,0.00000000012971381869907686,,0,3.6351305845036302e-06,,0.0,0.0,2019-01-25 05:16:37,,,,77907215,,,,115,,0.0,2019-01-24 19:22:50,,,0.0,,283.2029,0.0000036351305845036302
,1655324,,0.00000000012450852702637023,,0,3.252200035167594e-06,,0.0,0.0,2019-02-28 12:27:22,2019-02-01 01:12:35,,,13367420,,,2018-06-29 16:22:12,150,,0.0,2019-02-28 10:27:08,2018-06-29 16:22:12,1,0.0,,43.4735237941,0.000003252200035167594
0.000000000011615747,1712246,btc,0.0000000001288016298265083,0.00000029,6982695,1.1088536090404544e-07,btc,255810.0415942,0.0608347789473395,2019-03-19 23:08:35,2019-02-01 00:56:49,TradeOgre,0.0,92835431,1,"4,22",2018-06-30 19:04:30,152,0.00000029,793529.37642722,2019-03-19 20:49:25,2018-06-30 19:04:30,1,218.94922712414143,0.00117,10.294090271117609,0.000003215675466217318
,1783564,,0.0000000002152021813187666,,0,3.0638806628873453e-06,,0.0,0.0,2019-05-13 02:47:48,,,,7375225,,,,305,,0.0,2019-05-13 02:18:28,,,0.0,,22.612473363435996,0.0000030638806628873453
0.0000000000007029770000000001,1783482,"btc,ltc",0.00000000021253777745592277,0.00000001,7622227,3.0204335460531965e-06,btc,1568938601.814499,10.567490240214324,2019-05-13 02:47:40,2019-02-03 05:48:40,TradeOgre,0.0,9405648841,1,"4,7",2018-03-16 03:12:18,29,0.00000001,328951111.9112122,2019-05-13 02:01:58,2018-03-16 03:12:18,1,46550615.06705092,0.10122247,28510.713500105092,0.0000030204335460531965
0.0000000000007029770000000001,1783491,"btc,ltc",0.00000000019481187989319826,0.00000001,7622242,2.7682795616235705e-06,btc,81443220.35052863,0.011764775675820153,2019-05-13 02:47:41,2019-02-01 00:56:44,TradeOgre,0.0,378097821,1,4,2018-03-20 19:39:33,52,0.00000001,121176758.36488555,2019-05-13 02:06:43,2018-03-20 19:39:33,1,21662.66778476217,0.00403736,1046.9043381422484,0.0000027682795616235705
7.228984000000001e-16,1768957,btc,0.00000000013904531663341636,0.000000000014,7222329,0.0019265084914458074,btc,0.0,0.0,2019-04-08 14:53:10,2019-02-01 00:56:13,Escodex,0.0,2666528,1,"5,24",2018-08-07 01:49:26,187,0.000000000014,0.0,2019-04-08 14:26:21,2018-08-07 01:49:26,1,0.0,0.0,5145.447752211349,0.00000269711188802413
0.00000000000041453500000000006,1750373,BTC,0.00000000011188748181362681,0.00000001,7138290,2.697088604647765e-06,BTC,9328.0,9.328e-05,2019-04-01 18:59:24,2019-02-12 22:02:42,FirstCryptoBank,0.0,2224906829,1,"22,26",2018-05-14 15:25:54,107,0.00000001,470435.0,2019-04-01 17:40:22,2018-05-14 15:25:54,1,51.38182867,0.00050637,6001.111304347826,0.000002697088604647765
0.0000000000047460728,1769283,btc,0.00000000015312386190873957,0.000000083,7559638,3.2263277105386914e-07,btc,38517155.6136,1.3722851810479,2019-05-06 22:51:05,2019-02-01 18:19:45,Graviex,8832375.7238,13536227459,1,"5,20,22",2018-10-25 00:48:09,237,0.000000083,27719430.28731795,2019-05-06 20:50:44,2018-10-25 00:48:09,1,21343.717288420165,0.7554403456107,4367.230574712644,0.000002677851999747114
0.00000000005623816,1783473,btc,0.00000000017767782957275757,0.00000080,7622205,3.155966317872114e-08,btc,1245106.493345695,0.17940052857104175,2019-05-13 02:47:39,2019-02-01 00:56:10,TradeOgre,0.0,957185744,1,"4,12,17,26",2018-03-16 03:12:15,14,0.00000080,1233514.3464272583,2019-05-13 01:55:21,2018-03-16 03:12:15,1,7.272457282484695,0.0317082,30.228289030818953,0.0000025247730542976917
0.00000000010482026800000002,1768944,btc,0.00000000011544304071402806,0.0000020300000000000000457815209353729102303987019695341587066650390625,7222312,1.1033619367484009e-08,btc,257798.76795579,0.0099957599999799,2019-04-08 14:53:00,2019-02-01 01:12:47,Crex24,0.0,136308379,1,12,2018-06-28 04:30:02,148,0.0000020300000000000000457815209353729102303987019695341587066650390625,106618.49999209,2019-04-08 14:22:30,2018-06-28 04:30:02,1,9.69818002188755,0.00047328,1.5040330576569296,0.000002239824731599254
,1552264,,0.00000000007964610791472623,,0,2.232021273609752e-06,,0.0,0.0,2019-01-25 05:16:31,,,,429438637,,,,16,,0.0,2019-01-24 19:21:10,,,0.0,,958.5161734939759,0.000002232021273609752
,1552320,,0.0000000000723192268233093,,0,2.0266910334583947e-06,,0.0,0.0,2019-01-25 05:16:37,,,,38181836,,,,114,,0.0,2019-01-24 19:19:41,,,0.0,,77.38278466217895,0.000002026691033458395
0.000000000002108931,1783523,BTC,0.0000000001412214773017288,0.00000003,7622292,6.701604203550127e-07,BTC,255790.0,0.0037957,2019-05-13 02:47:44,2019-03-25 18:09:30,FirstCryptoBank,0.0,743792,1,22,2018-07-18 02:47:53,171,0.00000003,432593.2870425971,2019-05-13 02:20:21,2018-07-18 02:47:53,1,27.85867283,0.00012595,0.4995274814460006,0.0000020104812610650383
0.0000000000007029770000000001,1783515,btc,0.00000000011207264496439068,0.00000001,7622280,1.5955324036141098e-06,btc,15105.0,0.00015105,2019-05-13 02:47:43,2019-02-01 01:12:42,Southxchange,764516.391393,13195202,1,"3,3",2018-06-12 14:29:57,136,0.00000001,1718704.31412391,2019-05-13 02:18:07,2018-06-12 14:29:57,1,0.2039354059486088,0.0,21.06921286786224,0.0000015955324036141098
0.0000000005623816000000001,1783521,BTC,0.00000000010613524245717262,0.00000800,7622290,1.888804361698152e-09,BTC,7066.0,0.00062996,2019-05-13 02:47:44,2019-02-01 06:41:20,FirstCryptoBank,0.0,3262957559,1,22,2018-07-06 19:23:36,157,0.00000800,802.6461988741639,2019-05-13 02:20:21,2018-07-06 19:23:36,1,1.79802465,0.0,6.1631956010387565,0.0000015110434893585216
,1783566,,0.00000000009709110633251283,,0,1.38227963583958e-06,,0.0,0.0,2019-05-13 02:47:48,2019-03-25 18:13:43,,,44063150,,,2019-03-21 18:48:56,308,,0.0,2019-05-13 02:18:29,2019-03-21 18:48:56,1,0.0,,60.9078123556908,0.00000138227963583958
,1552331,,0.00000000004756430625870835,,0,1.3329533132691489e-06,,0.0,0.0,2019-01-25 05:16:38,,,,19461594,,,,130,,0.0,2018-12-19 06:52:04,,,0.0,,25.941396203798988,0.0000013329533132691489
,1554152,,0.00000000004557790587980937,,0,1.279347768632002e-06,,0.0,0.0,2019-01-25 17:26:19,2019-02-01 06:41:30,,,20892628,,,2018-08-09 17:37:07,190,,0.0,2019-01-24 18:21:05,2018-08-09 17:37:07,1,0.0,,26.728937012658484,0.0000012793477686320022
0.0000000095604872,1783469,btc,0.00000000008269176519586651,0.00013600,7622196,8.665985084231674e-11,btc,79580.56232757903,4.401103474374738,2019-05-13 02:47:38,2019-02-01 06:09:46,TradeOgre,0.0,13467257475,1,"3,4,5",2018-03-16 03:12:14,7,0.00013600,34891.0297743759,2019-05-13 01:55:17,2018-03-16 03:12:14,1,22.051863564796086,3.53216469,1.167076092088906,0.00000117503921772238
0.000000000000051590000000000004,1767211,btc,0.00000000005607289375225123,0.000000001,7213932,1.0868946259401285e-05,btc,3201475.0482,0.0032014750482,2019-04-07 23:40:59,2019-02-01 01:12:37,Graviex,0.0,279003184,1,"5,20",2018-03-16 03:12:14,8,0.000000001,23077405.3926,2019-04-07 21:56:59,2018-03-16 03:12:14,1,30.8005781811902,0.0,3032.4706130978484,0.0000010868946259401284
,1554160,,0.00000000003807727156368533,,0,1.0686180564783223e-06,,0.0,0.0,2019-01-25 17:26:21,2019-02-01 00:55:57,,,5931106,,,2018-09-07 15:47:32,203,,0.0,2018-09-15 01:01:43,2018-09-07 15:47:32,1,0.0,,6.3495026551836915,0.0000010686180564783226
,1768979,,0.000000000050152711072581425,,0,9.727527311981902e-07,,0.0,0.0,2019-04-08 14:53:20,2019-03-25 18:10:36,,,33186785,,,2018-12-11 12:33:17,263,,0.0,2019-04-08 14:28:25,2018-12-11 12:33:17,1,0.0,,32.28602035619933,0.0000009727527311981902
0.000000000056941137,1783548,btc,0.00000000006373182702763947,0.00000081,7622323,9.54843116131107e-09,btc,1288835.527022388,0.026431734458317226,2019-05-13 02:47:47,2019-02-01 01:12:48,Graviex,39621.9277,1681104328,1,"5,20",2018-03-16 03:12:18,264,0.00000081,89132.72140789754,2019-05-13 02:16:07,2018-03-16 03:12:18,1,5.040309394600153,0.0450416922663,16.051910392005315,0.0000009072151946004323
0.000000000000387233,1692541,BTC,0.00000000003302180372720191,0.00000001,6917028,8.527631613835058e-07,BTC,47146.0,0.00047146,2019-03-13 01:33:18,2019-02-01 00:56:41,FirstCryptoBank,0.0,4626869,1,22,2018-12-03 17:35:11,259,0.00000001,157.0,2019-03-12 23:48:03,2018-12-03 17:35:11,1,2.415167,0.0,3.94562343574734,0.0000008527631613835058
0.0000000000007029770000000001,1783478,btc,0.00000000005974526309072788,0.00000001,7622218,8.489795214528986e-07,btc,78959467.25151692,0.7895946725151693,2019-05-13 02:47:39,2019-02-01 01:12:43,TradeOgre,0.0,1165011685,1,"4,5,12,17",2018-03-16 03:12:16,21,0.00000001,64902710.09090866,2019-05-13 01:57:34,2018-03-16 03:12:16,1,4669.700274664681,0.0006285,989.1064931970361,0.0000008489795214528986
0.0000000023205270770000002,1783506,btc,0.00000000005911307479587965,0.00003301,7622267,2.5495054358697625e-10,btc,391757.34956460417,0.633489378433593,2019-05-13 02:47:42,2019-02-01 00:56:14,TradeOgre,0.0,37946662447,1,4,2018-05-03 14:34:22,100,0.00003301,119521.16201290475,2019-05-13 02:15:40,2018-05-03 14:34:22,1,6.9425985526572,0.44861809,9.67441627908208,0.0000008415917443806087
0.000000000000028119080000000003,1783479,btc,0.00000000005710428920501092,0.0000000004,7622220,2.0286476675634855e-05,btc,7544044194.332722,1.729766468916817,2019-05-13 02:47:39,2019-02-01 00:56:38,Crex24,0.0,9356891089,1,"12,27",2018-03-16 03:12:17,23,0.0000000004,2768429841.299331,2019-05-13 02:01:58,2018-03-16 03:12:17,1,311118500344.8947,0.06363011496404,190423.84829649772,0.0000008114590670253944
0.00000000025025981200000004,1783508,btc,0.000000000053680466917340275,0.00000356,7622269,2.1437254488728926e-09,btc,581235.2634844717,0.27306790930201685,2019-05-13 02:47:42,2019-02-01 00:56:48,TradeOgre,0.0,512925569,1,"4,11",2018-05-09 09:30:33,103,0.00000356,418380.59963680705,2019-05-13 02:15:40,2018-05-09 09:30:33,1,255.71592883160878,2.51996488,1.0998115429741522,0.0000007642524669069638
0.0000000010530595460000002,1783475,btc,0.000000000050403796346517697,0.00001498,7622210,6.423521530871514e-10,btc,593822.5829957873,0.6015130607713407,2019-05-13 02:47:39,2019-02-01 01:12:40,Livecoin,2054.84666027,15199229893,1,"4,10,12,17",2018-03-16 03:12:16,18,0.00001498,26126.599591630544,2019-05-13 01:55:21,2018-03-16 03:12:16,1,33231.64798304808,0.0,9.7635441245408,0.0000007162226506921737
0.00000000004217862,1783470,btc,0.00000000005030160863415618,0.00000060,7622198,1.1913024774145109e-08,btc,23462980.946067195,0.7234633628735635,2019-05-13 02:47:38,2019-03-25 18:14:19,TradeOgre,0.0,634782930635,1,"1,4,28",2018-03-16 03:12:14,9,0.00000060,3256203.1338348,2019-05-13 01:52:55,2018-03-16 03:12:14,1,2713.0032196786765,0.73601855,7562.207661329934,0.0000007147814864487067
,1783568,,0.00000000004887752164760846,,0,6.958900666513052e-07,,0.0,0.0,2019-05-13 02:47:49,2019-03-26 02:15:55,,,73267750,,,2019-03-26 02:15:55,310,,0.0,2019-05-13 02:20:40,2019-03-26 02:15:55,1,0.0,,51.084920990016606,0.0000006958900666513052
0.0000000000007029770000000001,1783501,BTC,0.0000000000443718471422164,0.00000001,7622260,6.317238205189947e-07,BTC,85999.0,0.00085999,2019-05-13 02:47:42,2019-02-01 01:12:46,FirstCryptoBank,0.0,77462770,1,"22,27",2018-04-16 14:35:00,87,0.00000001,356926.92577842105,2019-05-13 02:06:47,2018-04-16 14:35:00,1,8.626155150736,0.0,48.94109171511233,0.0000006317238205189947
,1783563,,0.00000000004060575204868831,,0,5.781066321699247e-07,,0.0,0.0,2019-05-13 02:47:48,2019-02-28 14:34:15,,,9513505,,,2019-02-27 15:52:06,304,,0.0,2019-05-13 02:16:14,2019-02-27 15:52:06,1,0.0,,5.500736480281916,0.0000005781066321699247
0.0000000000007029770000000001,1783490,"btc,ltc",0.000000000038951111336597246,0.00000001,7622241,5.534831419532967e-07,btc,123640519.13338153,0.21908061074464233,2019-05-13 02:47:41,2019-02-01 01:12:34,TradeOgre,0.0,125312503,1,4,2018-03-20 03:02:18,49,0.00000001,23990892.08342435,2019-05-13 02:06:43,2018-03-20 03:02:18,1,436.84558462339857,0.00358769,69.43603889134548,0.0000005534831419532967
0.000000000011904674,1747150,btc,0.00000000002215142274833533,0.00000029,7122029,1.860454360520969e-08,btc,353217.65794564,0.0341999475799974,2019-03-31 17:11:20,2019-02-01 01:12:36,TradeOgre,0.0,294531074,1,4,2018-03-16 03:12:13,4,0.00000029,733585.73137669,2019-03-31 15:21:25,2018-03-16 03:12:13,1,32.078041210795526,0.0,5.47961926582156,0.0000005395317645510809
,1783495,,0.00000000003176172366391021,,0,4.5218636679188404e-07,,0.0,0.0,2019-05-13 02:47:41,2019-02-01 01:12:45,,,195315935,,,2018-03-31 15:15:33,66,,0.0,2019-05-13 02:06:44,2018-03-31 15:15:33,1,0.0,,88.32332665188218,0.00000045218636679188404
0.00000000000431552,1100898,BTC,0.000000000017951377155171554,0.0000001,4861921,0.0,BTC,0.0,0.0,2018-11-20 23:51:07,,FirstCryptoBank,0.0,0,,,,86,,0.0,2018-09-15 01:01:43,,,0.0,0.0,3.5845300000000004,0.00000042207947615199994
,1783569,,0.000000000028971287090318637,,0,4.1246087519958513e-07,,0.0,0.0,2019-05-13 02:47:49,,,,46203555,,,,311,,0.0,2019-05-13 02:20:41,,,0.0,,19.057259744185192,0.00000041246087519958513
,1752557,,0.000000000016197375645870994,,0,3.403932075276224e-07,,0.0,0.0,2019-04-02 13:40:36,2019-02-01 01:12:42,,,1969,,,2018-04-04 21:04:35,77,,0.0,2019-04-02 12:30:58,2018-04-04 21:04:35,1,0.0,,0.000670347593586808,0.0000003403932075276224
0.0000000000007029770000000001,1783507,BTC,0.000000000013676329909122814,0.00000001,7622268,1.9470983839308975e-07,BTC,130000.0,0.0013,2019-05-13 02:47:42,2019-02-01 01:12:40,FirstCryptoBank,0.0,482973651,1,22,2018-05-04 18:18:41,101,0.00000001,11187.719,2019-05-13 02:15:40,2018-05-04 18:18:41,1,24.83526409,0.0,94.0444596240088,0.00000019470983839308975
,1783567,,0.000000000012908284002470723,,0,1.8377485855335016e-07,,0.0,0.0,2019-05-13 02:47:48,2019-03-25 18:13:51,,,19103566,,,2019-03-25 17:44:54,309,,0.0,2019-05-13 02:20:40,2019-03-25 17:44:54,1,0.0,,3.5108439959243243,0.00000018377485855335016
,1783539,,0.000000000010377248902552186,,0,1.4773645047629376e-07,,0.0,0.0,2019-05-13 02:47:46,2019-02-01 00:56:42,,,201409145,,,2018-10-03 19:01:31,222,,0.0,2019-05-13 02:18:20,2018-10-03 19:01:31,1,0.0,,29.78057923038856,0.00000014773645047629376
,1783529,,0.000000000006643506872956089,,0,9.458201135267882e-08,,0.0,0.0,2019-05-13 02:47:45,2019-03-25 18:09:48,,,1057105,,,2018-08-09 17:35:21,189,,0.0,2019-05-13 02:18:16,2018-08-09 17:35:21,1,0.0,,0.1,0.00000009458201135267882
,1552396,,0.0000000000032427067332445004,,0,9.087437669180908e-08,,0.0,0.0,2019-01-25 05:16:46,,,,23777145,,,,229,,0.0,2019-01-24 19:16:56,,,0.0,,2.160733231385765,0.00000009087437669180908
0.000000000001486676,1668802,btc,0.0000000000027945529964049537,0.00000004,6845775,1.879732366975019e-08,btc,639326.02,0.014975410599999999,2019-03-05 03:52:50,2019-02-01 01:12:35,Crex24,0.0,935273526,1,12,2018-03-20 02:52:17,44,0.00000004,1103841.4595604,2019-03-05 01:52:23,2018-03-20 02:52:17,1,11116042.728239931,0.0003330765234764,17.58063918797052,0.00000007518929467900077
,1552408,,0.0000000000026453053486586195,,0,7.413265968653826e-08,,0.0,0.0,2019-01-25 05:16:47,,,,53908647,,,,243,,0.0,2019-01-24 19:16:57,,,0.0,,3.9963913822127215,0.00000007413265968653826
0.00000000000072476,1781144,btc,0.0000000000035916744816121134,0.00000001,7617400,4.9556742668084785e-08,btc,5042415.307535999,0.05042415307536,2019-05-12 01:03:29,2019-02-01 01:12:36,BTC-Alpha,10000.0,10587051729,1,11,2018-03-16 03:12:13,6,0.00000001,47478529.75253575,2019-05-11 23:02:21,2018-03-16 03:12:13,1,9576.518911699495,0.0,524.659798147755,0.000000049556742668084785
0.00000000002042612,1756154,btc,0.0000000000023969775009209953,0.00000040,7166515,1.1734864481952496e-09,btc,1523570.8786377,0.1820333463725714,2019-04-03 21:51:13,2019-02-01 01:12:44,TradeOgre,0.0,61063766983,1,4,2018-05-01 22:31:00,99,0.00000040,3209413.55187158,2019-04-03 19:49:42,2018-05-01 22:31:00,1,4.6810255304234305,0.19593752,71.65750303030303,0.00000004693945792780999
,1783553,,0.000000000002838239506488089,,0,4.040771490443731e-08,,0.0,0.0,2019-05-13 02:47:47,2019-02-22 16:14:42,,,227903752,,,2019-01-26 04:20:46,282,,0.0,2019-05-13 01:53:42,2019-01-26 04:20:46,1,0.0,,9.209090909090909,0.00000004040771490443731
0.000000009575952694,1783502,btc,0.000000000002515829296905454,0.0001362199999999999934334471429764334970968775451183319091796875,7622262,2.6293851900348756e-12,btc,75349.29856973302,4.099735549126073,2019-05-13 02:47:42,2019-02-01 01:12:34,BTC-Alpha,2567.89762829,1909954511431,1,11,2018-04-16 15:00:20,89,0.0001362199999999999934334471429764334970968775451183319091796875,192948.74441057164,2019-05-13 02:04:32,2018-04-16 15:00:20,1,177.13469940219787,0.0,5.022143801957979,0.000000035817485058655074
,1783530,,0.0000000000021188286731504312,,0,3.0165553497127336e-08,,0.0,0.0,2019-05-13 02:47:45,2019-02-01 06:41:42,,,115411153,,,2018-08-23 03:03:22,193,,0.0,2019-05-13 02:20:25,2018-08-23 03:03:22,1,0.0,,3.48143989695024,0.00000003016555349712734
,1783520,,0.0000000000015720026029965614,,0,2.2381693134600576e-08,,0.0,0.0,2019-05-13 02:47:44,2019-02-01 00:55:57,,,126758748,,,2018-07-02 21:44:36,154,,0.0,2019-05-13 02:18:13,2018-07-02 21:44:36,1,0.0,,2.849854539753685,0.000000022381693134600576
0.0000000000006326793000000001,1783540,btc,0.0000000000014029109917392939,0.000000009,7622313,2.1451457660475877e-05,btc,7919438.5971,0.0251743342985,2019-05-13 02:47:46,2019-02-01 00:56:07,Graviex,7915927.9222,12089633,1,"20,22",2018-10-04 20:36:23,224,0.000000009,28431133.3666,2019-05-13 02:16:01,2018-10-04 20:36:23,1,100049.98908601116,0.0870249270247,259.385341036848,0.000000019989509944915222
,1783554,,0.000000000001220030439368897,,0,1.7368703449109673e-08,,0.0,0.0,2019-05-13 02:47:47,2019-03-04 21:10:44,,,245294765,,,2019-01-29 22:39:02,284,,0.0,2019-05-13 02:20:36,2019-01-29 22:39:02,1,0.0,,4.272637283825537,0.000000017368703449109673
0.00000000000039339800000000003,1731178,BTC,0.0000000000005611061831270175,0.00000001,7044441,1.4263066490602838e-08,BTC,12315.0,0.00012315,2019-03-26 08:16:47,2019-02-01 00:56:50,FirstCryptoBank,0.0,231886013,1,22,2018-08-15 01:38:44,191,0.00000001,79361.7243344055,2019-03-26 06:18:56,2018-08-15 01:38:44,1,7.56699454,0.0,3.307405621659794,0.000000014263066490602838
0,1783556,,0.0000000000007023995260122436,0,7622328,0.0351124387550805,,0.0,0.0,2019-05-13 02:47:47,2019-02-22 16:15:19,FirstCryptoBank,0.0,23387624,0,22,2019-02-16 03:55:01,294,0,1388519263.7797825,2019-05-13 02:20:37,2019-02-16 03:55:01,1,7337893.19360497,0.0,821288.3637382755,0.00000001
0,1691666,,0.000000000000388161,0,6914458,0.00013336224398750453,,0.0,0.0,2019-03-12 18:20:53,2019-02-01 01:12:41,FirstCryptoBank,0.0,701035,0,22,2018-11-26 23:05:01,249,0,526736.5639027493,2019-03-12 16:40:59,2018-11-26 23:05:01,1,0.40415746,0.0,93.49160071378023,0.00000001
0,1768981,,0.0000000000005155678111300063,0,7222356,4.867595924665241e-07,,0.0,0.0,2019-04-08 14:53:22,2019-02-01 01:12:35,FirstCryptoBank,0.0,17931361,0,22,2018-12-22 22:05:04,271,0,640842.4233983938,2019-04-08 14:28:26,2018-12-22 22:05:04,1,66.41067466,0.0,8.728293415541456,0.00000001
0,1570841,btc,0.000000000000345944,0,6540827,8.99687494238189e-07,btc,0.0,0.0,2019-01-30 18:30:52,,Kompler,0.0,19882629,0,,,200,0,105897.55575295,2019-01-30 16:27:52,,,6.802544163788159,0.0,17.888152663877552,0.00000001
0,1574184,"btc,eth",0.000000000000344123,0,6551504,1.466518633864156e-09,,0.0,0.0,2019-01-31 22:23:27,,Bitebtc,0.0,2045661017,0,,,257,0,90.59,2019-01-31 18:52:40,,,4.96668,0.0,3.0,0.00000001
0,1754688,btc,0.0000000000004953410737481111,0,7159930,0.00012587789340827823,btc,0.0,0.0,2019-04-03 09:07:44,2019-02-01 00:56:04,StocksExchange,0.00286478,1191026,1,"5,12,17",2018-03-19 21:11:34,43,0,0.0,2019-04-03 07:12:03,2018-03-19 21:11:34,1,0.0,0.0,150.0,0.00000001
0,1769063,btc,0.000000000000575934,0,7559281,7.638538806441432e-08,btc,0.0,0.0,2019-05-06 20:50:13,2019-02-01 00:56:35,StocksExchange,0.00023336,352816099,1,5,2018-07-23 16:42:15,175,0,0.0,2019-05-06 19:47:49,2018-07-23 16:42:15,1,0.0,0.0,26.949994637487826,0.00000001
0,1770893,btc,0.000000000000593773,0,7566706,6.526748929918443e-06,btc,0.0,0.0,2019-05-07 14:07:50,2019-02-01 18:19:15,StocksExchange,0.43032184,7045714,1,"5,24,26",2018-09-13 14:22:04,213,0,0.0,2019-05-07 12:53:48,2018-09-13 14:22:04,1,0.0,0.0,45.9856063100114,0.00000001
0,1716882,,0.000000000000404762202931098,0,6996572,0.007624626903777447,,0.0,0.0,2019-03-21 13:12:43,2019-02-01 00:56:37,FirstCryptoBank,0.0,1308200,0,22,2018-04-20 11:51:42,95,0,46768900.1,2019-03-21 12:01:37,2018-04-20 11:51:42,1,4.56897116,0.0,10046.501258347414,0.00000001
0,1646743,,0.00000000000038007,0,6783783,0.0022034245624549674,,0.0,0.0,2019-02-25 17:38:49,2019-02-01 01:12:37,FirstCryptoBank,0.0,453839,0,22,2018-06-27 18:54:39,146,0,2322156.0,2019-02-25 15:36:30,2018-06-27 18:54:39,1,4.2131946,0.0,1000.0,0.00000001
0,1730203,btc,0.000000000000390172,0,7038780,1.0336173407401037e-06,btc,0.0,0.0,2019-03-26 00:42:16,2019-02-01 00:56:11,Kompler,0.0,144105095,0,17,2018-04-09 18:36:37,84,0,995513.18476001,2019-03-25 21:38:53,2018-04-09 18:36:37,1,0.0445064681804024,0.0,148.949525081,0.00000001
0,1783474,,0.0000000000007037349202866726,0,7622208,6.14693191136431e-07,,0.0,0.0,2019-05-13 02:47:39,2019-02-01 00:56:10,TradeOgre,0.0,12528116,0,"4,12",2018-03-16 03:12:15,15,0,0.0,2019-05-13 01:57:34,2018-03-16 03:12:15,1,0.0,0.0,7.702898286414341,0.00000001
0,1771962,,0.000000000000591008,0,7574238,3.101844671741199,,0.0,0.0,2019-05-08 00:21:52,2019-02-01 00:56:04,FirstCryptoBank,0.0,4204,0,22,2018-03-16 03:12:14,158,0,54786159.03179465,2019-05-07 22:21:28,2018-03-16 03:12:14,1,50234.60468402,0.0,13040.155,0.00000001
0,1783486,,0.0000000000007037349202866726,0,7622232,1.697187858706719e-05,,0.0,0.0,2019-05-13 02:47:40,2019-02-01 00:56:50,TradeOgre,0.0,704735244,0,"4,12",2018-03-16 03:12:19,33,0,0.0,2019-05-13 01:59:51,2018-03-16 03:12:19,1,0.0,0.0,11962.051174645096,0.00000001
0,1780671,,0.000000000000687494,0,7616280,0.00028464257617572794,,0.0,0.0,2019-05-11 17:45:22,2019-02-01 01:12:42,FirstCryptoBank,0.0,326218,0,22,2018-07-05 02:33:48,156,0,4673448.342592592,2019-05-11 15:58:16,2018-07-05 02:33:48,1,6.80191271,0.0,92.85553191489362,0.00000001
0,1783487,btc,0.0000000000007023995260122436,0,7622234,1.9266504892247254e-05,btc,0.0,0.0,2019-05-13 02:47:40,2019-02-01 00:56:50,StocksExchange,0.00198401,77656467,1,"4,5",2018-03-16 03:12:48,34,0,138697861.87231293,2019-05-13 02:04:26,2018-03-16 03:12:48,1,3.124996390316739,0.0,1500.0,0.00000001
0,1783492,,0.0000000000007037349202866726,0,7622243,0.00010296895321861352,,0.0,0.0,2019-05-13 02:47:41,2019-02-01 00:56:42,FirstCryptoBank,0.0,1105002178,0,"22,27",2018-03-23 04:04:56,57,0,311140042.4566013,2019-05-13 02:04:28,2018-03-23 04:04:56,1,10289.64343849,0.0,113780.97528413017,0.00000001
0,1783498,btc,0.0000000000007023995260122436,0,7622256,9.75905575398616e-09,btc,0.0,0.0,2019-05-13 02:47:41,2019-02-01 01:12:36,StocksExchange,0.00691156,3551420412,1,5,2018-04-04 19:08:01,75,0,0.0,2019-05-13 02:06:44,2018-04-04 19:08:01,1,0.0,0.0,34.65957628865364,0.00000001
0,1783499,,0.0000000000007023995260122436,0,7622257,6.630776344661223e-05,,0.0,0.0,2019-05-13 02:47:41,2019-02-01 01:12:40,TradeOgre,0.0,7764680,0,"4,5,20",2018-04-09 16:01:31,81,0,34200062.02546142,2019-05-13 02:06:46,2018-04-09 16:01:31,1,133647.3434328639,0.0,515.1913706880605,0.00000001
0,1783518,,0.0000000000007023995260122436,0,7622289,0.0016047556625559541,,0.0,0.0,2019-05-13 02:47:44,2019-03-25 18:08:52,FirstCryptoBank,0.0,64476122,0,22,2018-06-25 16:45:20,143,0,688775795.8,2019-05-13 02:18:08,2018-06-25 16:45:20,1,64.16505383,0.0,103703.20365360883,0.00000001
0,1783526,btc,0.0000000000007023995260122436,0,7622295,2.215244335768733e-05,btc,0.0,0.0,2019-05-13 02:47:44,2019-02-01 00:56:45,TradeSatoshi,6470.52947052,268233839,1,"5,7,22",2018-07-30 23:35:05,178,0,27508373.7072692,2019-05-13 02:18:15,2018-07-30 23:35:05,1,520275.2894383896,6.471e-05,5956.743190747562,0.00000001
0,1783531,,0.0000000000007023995260122436,0,7622301,1.5197779277738854e-05,,0.0,0.0,2019-05-13 02:47:45,2019-03-25 18:10:14,FirstCryptoBank,0.0,1539764,0,22,2018-08-30 14:06:13,197,0,0.0,2019-05-13 02:20:26,2018-08-30 14:06:13,1,0.0,0.0,23.428938985952232,0.00000001
0,1783535,,0.0000000000007023995260122436,0,7622305,6.925914009336655e-06,,0.0,0.0,2019-05-13 02:47:45,2019-02-01 00:55:58,FirstCryptoBank,0.0,38033356,0,"22,27",2018-09-14 17:26:50,216,0,2690247.5413729246,2019-05-13 02:20:27,2018-09-14 17:26:50,1,70.13692526867707,0.0,263.44528553476863,0.00000001
0,1638129,,0.00000000000039660400000000003,0,6761983,0.006855567314591995,,0.0,0.0,2019-02-22 22:58:38,,FirstCryptoBank,0.0,2025472,0,,,235,0,96131669.48015873,2019-02-22 21:52:50,,,4.019094,0.0,13885.759639821277,0.00000001
0,1783545,,0.0000000000007018229999999999,0,7622095,0.006592729783706058,,0.0,0.0,2019-05-13 02:47:46,2019-02-01 00:56:11,FirstCryptoBank,0.0,1543856,0,22,2018-11-27 02:16:54,252,0,38675894.69978836,2019-05-13 01:06:35,2018-11-27 02:16:54,1,4.50924384,0.0,10178.2254329533,0.00000001
,1552273,,0.000000000000271126541900916,,0,7.598114022232073e-09,,0.0,0.0,2019-01-25 05:16:32,,,,2443417705,,,,28,,0.0,2019-01-24 19:22:45,,,0.0,,18.56536632653061,0.000000007598114022232073
,1693890,,0.00000000000013979166411586113,,0,3.6323580844498555e-09,,0.0,0.0,2019-03-13 12:58:41,2019-02-02 03:58:21,,,278348445,,,2018-11-14 01:42:59,287,,0.0,2019-03-13 09:50:01,2018-11-14 01:42:59,1,0.0,,1.0110612244897959,0.0000000036323580844498555
0.000000000137080515,1783522,btc,0.00000000000023145787329109634,0.0000019499999999999999646983772638719756287173368036746978759765625,7622291,1.68986684362612e-11,btc,262245.17449111666,0.036210479381497615,2019-05-13 02:47:44,2019-02-01 01:12:41,Crex24,0.0,26333347744,1,"12,17",2018-07-16 16:29:48,168,0.0000019499999999999999646983772638719756287173368036746978759765625,13846.91716398,2019-05-13 02:20:21,2018-07-16 16:29:48,1,23.178079249328913,0.003312323502304,0.445,0.0000000032952403450709337
,1783562,,0.0000000000001633924323155025,,0,2.3261989479930396e-09,,0.0,0.0,2019-05-13 02:47:48,2019-03-23 22:14:32,,,89846385,,,2018-10-22 22:03:25,303,,0.0,2019-05-13 02:20:40,2018-10-22 22:03:25,1,0.0,,0.20900181085979164,0.00000000232619894799304
,1783558,,0.0000000000001541563784040527,,0,2.194958631288985e-09,,0.0,0.0,2019-05-13 02:47:47,2019-03-25 18:11:15,,,52626611,,,2019-02-20 04:52:42,299,,0.0,2019-05-13 02:20:39,2019-02-20 04:52:42,1,0.0,,0.11773920362921754,0.000000002194958631288985
,1552405,,0.00000000000005527549868693673,,0,1.549053584774341e-09,,0.0,0.0,2019-01-25 05:16:47,,,,1936666381,,,,240,,0.0,2019-01-24 19:21:21,,,0.0,,3.0,0.0000000015490535847743413
,1768964,,0.0000000000000487681587751394,,0,9.458991203630018e-10,,0.0,0.0,2019-04-08 14:53:14,2019-02-01 06:16:21,,,3139566748,,,2018-09-13 14:24:19,215,,0.0,2019-04-08 14:26:23,2018-09-13 14:24:19,1,0.0,,2.9698932880299322,0.0000000009458991203630018
,1554120,,0.000000000000004773272189483565,,0,1.3398323171741413e-10,,0.0,0.0,2019-01-25 17:26:15,2019-02-01 01:12:40,,,111956896,,,2018-06-05 00:52:17,129,,0.0,2019-01-24 18:20:58,2018-06-05 00:52:17,1,0.0,,0.015000346739130435,0.00000000013398323171741413
,1552411,,7.002318100117785e-16,,0,1.9623461049445355e-11,,0.0,0.0,2019-01-25 05:16:47,,,,1348051189,,,,246,,0.0,2018-12-20 03:18:41,,,0.0,,0.02645343,0.000000000019623461049445358
,1552358,,1.037842617286182e-16,,0,2.9084745772156855e-12,,0.0,0.0,2019-01-25 05:16:42,,,,97754683,,,,174,,0.0,2019-01-24 18:31:51,,,0.0,,0.00028431701030927836,0.0000000000029084745772156855
8.743936359080001e-23,1768922,ltc,2.3815008366356592e-17,1.693393e-18,7222274,0.0027027667428277877,ltc,285902965.8889396,4.861933252559657e-10,2019-04-08 14:52:35,2019-02-01 00:56:41,TradeOgre,0.0,1359315,0.0000000001693393,4,2018-04-11 22:05:36,85,0.00000001,450421552.74013853,2019-04-08 14:22:21,2018-04-11 22:05:36,1,1.692808279510254,0.0,3674.826784619518,0.0000000000004615587178100566
1.5760744340000003e-25,1783549,doge,2.3706249861945636e-17,2.242e-21,7622325,1.5053731042051397,doge,311251238682.584,2.390643615472773e-10,2019-05-13 02:47:47,2019-02-01 01:12:36,Finexbox,35884358658.24,3583396,0.0000000000000038,"22,28",2018-12-23 21:23:58,272,0.00000059,382526904458.176,2019-05-13 02:20:34,2018-12-23 21:23:58,1,60243472.1139152,0.0,5394399.985703294,0.00000000000033750464996279236
1.7273663320320002e-22,1783532,LTC,2.365280494635532e-17,2.4572159999999998e-18,7622302,0.0013681704142930178,LTC,53056789.0,0.60713197,2019-05-13 02:47:45,2019-02-01 06:28:12,FirstCryptoBank,0.0,8199537,0.0000000001228608,"22,26",2018-09-03 03:02:19,199,0.00000002,35310436.0,2019-05-13 02:20:26,2018-09-03 03:02:19,1,7.64571369,2.173238004096e-12,11291.711986762426,0.0000000000003367201273513472
0.000000000000007029770000000001,1783493,btc,1.3187563543406778e-17,0.0000000001,7622246,0.0015229605013615572,btc,2301780877.8668513,0.14974849360972867,2019-05-13 02:47:41,2019-02-01 00:55:55,Crex24,0.0,65966483,1,"4,12,17,22",2018-03-23 04:20:15,58,0.0000000001,10783931439.259726,2019-05-13 02:06:43,2018-03-23 04:20:15,1,118396050.84076846,0.00248602463176823,100623.48180180241,0.0000000000001873987061817678
5.8730455289088004e-21,1783505,ltc,1.2938132954225332e-17,8.3545344e-17,7622265,2.2175490924279622e-05,ltc,546792402.758306,1.324037016095227e-09,2019-05-13 02:47:42,2019-02-01 00:56:10,TradeOgre,0.0,40684489,0.0000000001228608,"4,12,17",2018-04-22 04:51:52,96,0.00000068,141743922.02900097,2019-05-13 02:11:14,2018-04-22 04:51:52,1,25065.56405351998,0.06450335,902.2894007780435,0.000000000000184201432137763
0.000000000009349594100000002,1783468,btc,1.0932069676127054e-17,0.000000133,7622193,1.1679972670498179e-14,btc,3579611.691326771,0.3568520977262955,2019-05-13 02:47:38,2019-02-01 00:55:56,Crex24,0.0,647532261740,1,"5,12,28",2018-03-16 03:12:13,3,0.000000133,3446468.7808869467,2019-05-13 01:52:53,2018-03-16 03:12:13,1,11597.365057529842,0.09535563913278006,0.007563163540999231,0.00000000000015534363651762576
8.743936359080001e-23,1768908,ltc,4.059833349316027e-19,1.693393e-18,7222243,4.626597026226066e-05,ltc,2819577050.655492,4.79666111421645e-09,2019-04-08 14:52:15,2019-02-01 01:12:42,TradeOgre,0.0,2623690491,0.0000000001693393,"4,5,17,27",2018-03-19 15:03:11,36,0.00000001,6533701529.802323,2019-04-08 14:22:16,2018-03-19 15:03:11,1,0.11068701583820567,0.0,121385.61528727804,0.000000000000007876893666097247
1.7363531900000003e-22,1783537,"btc,doge",3.0887144045258294e-19,2.4700000000000003e-18,7622310,1.780250452092977e-05,doge,472553134.161,2.014348048961505e-11,2019-05-13 02:47:45,2019-02-01 01:12:39,Finexbox,625263.623,30007978,0.0000000000000038,"7,27,28",2018-09-24 21:20:54,219,0.00065000,185745949.99753314,2019-05-13 02:20:27,2018-09-24 21:20:54,1,3764335.3118764563,0.0,532.2102783751882,0.000000000000004397218616669653
,1552282,,4.8627679644248096e-20,,0,1.362753539299733e-15,,0.0,0.0,2019-01-25 05:16:33,,,,565939746,,,,41,,0.0,2019-01-24 19:18:16,,,0.0,,7.712363918918919e-07,0.000000000000001362753539299733
,1552410,,4.7560656464890436e-20,,0,1.3328510305881847e-15,,0.0,0.0,2019-01-25 05:16:47,,,,578666036,,,,245,,0.0,2019-01-24 19:22:58,,,0.0,,7.712756224489796e-07,0.0000000000000013328510305881847
,1100838,,0.000000005581235230002103,,0,0.0,,0.0,0.0,2018-11-20 23:50:59,,,,0,,,,25,,0.0,2018-09-15 01:01:43,,,0.0,,0.0,0
,1100865,,0.00000001695361566689778,,0,0.0,,0.0,0.0,2018-11-20 23:51:02,,,,0,,,,53,,0.0,2018-09-15 01:01:43,,,0.0,,0.0,0
,1100871,,0,,0,0.0,,0.0,0.0,2018-11-20 23:51:03,,,,0,,,,59,,0.0,2018-09-15 01:01:43,,,0.0,,0.0,0
,1100874,,0.00000009951386086528585,,0,0.0,,0.0,0.0,2018-11-20 23:51:03,,,,0,,,,62,,0.0,2018-09-15 01:01:43,,,0.0,,0.0,0
0.00000000000215776,1100886,btc,0.0000000010110313335698269,0.00000005,4861957,0.0,btc,0.0,0.0,2018-11-20 23:51:06,,StocksExchange,0.0,0,,,,74,,0.0,2018-09-15 01:01:43,,,0.0,0.0,0.0,0
,1100890,,0,,0,0.0,,0.0,0.0,2018-11-20 23:51:07,,,,0,,,,78,,0.0,2018-09-15 01:01:43,,,0.0,,0.0,0
,1100931,,0,,0,0.0,,0.0,0.0,2018-11-20 23:51:14,,,,0,,,,119,,0.0,2018-09-15 01:01:43,,,0.0,,0.0,0
,1107843,,0,,0,0.0,,0.0,0.0,2018-11-21 18:02:14,,,,0,,,,185,,0.0,2018-09-24 16:08:45,,,0.0,,0.0,0
,1100951,,0,,0,0.0,,0.0,0.0,2018-11-20 23:51:16,,,,0,,,,139,,0.0,2018-09-15 01:01:43,,,0.0,,0.0,0
,1100952,,0,,0,0.0,,0.0,0.0,2018-11-20 23:51:16,,,,0,,,,140,,0.0,2018-09-15 01:01:43,,,0.0,,0.0,0
0,1100959,,0.0000000000004285598975408354,0,4861911,0.0,,0.0,0.0,2018-11-20 23:51:17,2019-02-01 00:56:41,FirstCryptoBank,0.0,0,,22,2018-06-27 19:09:17,147,,0.0,2018-09-15 01:01:43,2018-06-27 19:09:17,1,0.0,0.0,0.0,0
0,1100971,btc,0,0,4861976,0.0,btc,0.0,0.0,2018-11-20 23:51:18,,Kompler,0.0,0,,,,159,,0.0,2018-09-15 01:01:43,,,0.0,0.0,0.0,0
,1100972,,0.000000000003267238254594294,,0,0.0,,0.0,0.0,2018-11-20 23:51:18,,,,0,,,,160,,0.0,2018-09-15 01:01:43,,,0.0,,0.0,0
,1100973,,0.000000000014775717348924346,,0,0.0,,0.0,0.0,2018-11-20 23:51:18,,,,0,,,,161,,0.0,2018-09-15 01:01:43,,,0.0,,0.0,0
,1100979,,0.000000031406122816180794,,0,0.0,,0.0,0.0,2018-11-20 23:51:18,,,,0,,,,167,,0.0,2018-09-15 01:01:43,,,0.0,,0.0,0
0.000000000036176765,1100995,btc,0,0.00000085,4862015,0.0,btc,0.0,0.0,2018-11-20 23:51:25,,TradeSatoshi,2491.87645172,0,,,,183,,0.0,2018-09-15 01:01:43,,,0.0,0.00211021,0.0,0
,1100996,,0.000000000005797720284624967,,0,0.0,,0.0,0.0,2018-11-20 23:51:25,,,,0,,,,184,,0.0,2018-09-15 01:01:43,,,0.0,,0.0,0
,1101008,,0,,0,0.0,,0.0,0.0,2018-11-20 23:51:36,,,,0,,,,196,,0.0,2018-09-15 01:01:43,,,0.0,,0.0,0
,1107670,,0.0000000005161480127348851,,0,0.0,,0.0,0.0,2018-11-21 17:31:29,,,,0,,,,141,,0.0,2018-09-15 04:56:39,,,0.0,,0.0,0
