updated,miners,height,difficulty,coinId,poolId,hashrate
2019-04-24 21:47:09,10617,1820309,36486422436,1,188,35412284
2019-04-27 23:25:57,75,1822497,33879712922,1,189,81210
2019-05-12 04:12:09,316,1832736,39151356205,1,191,2791011
2019-05-12 04:12:46,427,1832736,39151611314,1,192,1779917
2019-04-11 18:39:32,5,1810867,37242547871,1,193,2374
2019-05-01 14:52:14,0,1825096,32507584141,1,194,0
2019-04-28 02:53:04,82,1822597,34197429373,1,195,1811373
2019-04-26 18:57:32,2,1821685,37782532258,1,196,6252
2019-04-08 15:14:18,0,1804351,35371446754,1,198,0
2019-05-12 04:12:27,348,1832736,39151697083,1,199,127868
2019-04-30 00:59:47,17,1824023,37674314505,1,200,182826
2019-05-12 04:11:50,1,1832737,39117389274,1,201,4857
2019-05-12 04:12:57,2,1832737,39150624504,1,203,2688
2018-12-21 02:53:57,0,1696177,59028803611,1,205,0
2019-05-12 04:13:01,0,1832737,39117218600,1,206,0
2019-01-10 20:03:31,8,829474,464610638,1,207,522916
2019-01-02 15:59:25,0,1685584,62106237326,1,209,0
2019-04-25 21:27:25,-1,1821006,36481225582,1,509,-1
2019-05-08 17:21:23,0,1830293,40572102398,1,769,0
2019-03-13 00:16:45,-1,1789458,35432847844,1,827,-1
2019-04-26 21:39:00,-1,1821751,37975804165,1,862,-1
2019-04-25 21:35:53,-1,1821014,36433777175,1,1055,-1
2019-05-08 00:55:59,-1,1829792,41411609850,1,1056,-1
2019-05-12 04:11:48,-1,1832736,39151611314,1,1057,-1
2019-05-01 02:17:57,-1,1824736,34622631203,1,1058,-1
2019-04-26 21:47:02,-1,1810808,51437950,1,1059,-1
2019-04-26 15:00:17,-1,1821562,36848475273,1,1060,-1
2019-04-26 04:10:51,-1,1821227,36269202252,1,1061,-1
2019-04-25 05:00:30,-1,1820506,35598788791,1,1064,-1
2019-04-25 04:26:45,-1,1820487,36132343573,1,1065,-1
2019-03-05 21:07:52,-1,1785214,114963776879,1,1066,-1
2019-03-16 15:58:18,2,1788360,35790784137,1,1069,7668
2019-04-25 18:29:36,-1,1820945,36232581702,1,1070,-1
2019-04-27 12:34:56,0,1822194,35532918367,1,1071,0
2019-04-29 09:55:10,0,1823567,37174157588,1,1074,0
2019-04-29 15:01:43,6,1823719,36428996541,1,1075,23837
2019-01-14 19:57:10,0,1748994,60549973942,1,1076,0
2019-01-22 11:07:15,0,1754511,65673237899,1,1077,0
2019-05-02 09:33:31,-1,1825656,32058624291,1,1079,-1
2019-04-24 22:10:27,3,1820322,36686515463,1,1088,3362
2019-04-25 20:27:46,-1,1820992,36740025790,1,1091,-1
2019-04-24 20:32:43,-1,1820270,36365564038,1,1093,-1
2019-04-29 05:23:41,-1,1823427,36101851086,1,1094,-1
2019-02-16 03:50:08,0,634584,243867154,1,1098,0
2019-04-28 05:23:46,1,1822681,33942545317,1,1539,229
2019-03-11 08:32:37,0,1788223,48009942272,1,1540,0
2019-04-24 19:24:43,0,1820235,36347534783,1,1737,0
2019-01-01 01:07:15,0,1738953,43005008075,1,1738,0
2019-02-07 12:40:11,0,1766209,102362298157,1,1739,0
2018-12-10 04:06:13,0,1723238,44983248398,1,1740,0
2019-04-27 04:23:46,0,1821938,36734775537,1,1741,0
2019-04-23 12:26:41,0,1819302,35480449103,1,1742,0
2019-04-25 03:04:15,-1,1820185,36470324078,1,1743,-1
2019-04-25 10:21:39,-1,1820690,34333881569,1,1744,-1
2019-05-12 04:11:47,0,1832737,39117563928,1,1781,0
2019-01-16 23:54:14,0,1750571,62285345316,1,1838,0
2018-12-22 21:15:04,-1,1732338,41093625293,1,1852,-1
2019-01-22 00:22:58,0,1754202,68943801681,1,2105,0
2019-04-28 07:37:27,-1,1822689,34220305021,1,2106,-1
2019-03-24 15:55:32,0,1797842,36934317194,1,2273,0
2019-04-27 18:57:33,1,1822361,34001612819,1,2295,38
2019-05-12 04:12:58,0,1832737,39117561049,1,2339,0
2019-04-25 06:06:10,0,1820543,34567788145,1,2371,0
2019-04-14 21:36:24,0,1813113,35675534847,1,2423,0
2019-05-12 04:12:56,0,1832737,39117561049,1,2424,0
2019-04-29 10:50:33,0,1823596,36921325947,1,2577,0
2019-05-07 22:41:43,2,1829733,40038733464,1,2649,9941
2019-05-12 04:13:21,0,1832737,39117561049,1,2651,0
2019-03-01 15:45:40,1,369962,4461814708,2,510,15033
2019-03-01 15:45:39,1,369962,4461814708,2,714,15033
2019-04-28 07:51:23,0,411336,386825235,2,739,0
2019-02-23 22:23:25,0,365849,3008654272,2,758,0
2019-04-28 13:23:49,0,411511,493976037,2,772,0
2019-02-13 06:07:01,2,358163,2839377509,2,1372,86453
2019-05-07 13:49:57,0,417987,1094380716,2,1373,0
2019-01-15 00:22:43,7,239177,13928623085,2,2018,1252168
2019-04-01 17:22:19,1,140125,1829670788,2,2190,24500
2019-03-25 15:54:57,0,387255,9284164652,2,2321,0
2019-04-25 10:57:41,1,409286,604815160,2,2524,182462
2019-05-12 04:12:25,10,548428,647621647434,2,2573,9760528
2019-05-10 06:58:17,8,356766,14358824924,2,2667,2400302
2019-04-26 07:13:31,2441,1776934,52093381007,3,81,79807245
2019-04-26 18:54:37,0,1777214,46276669260,3,82,0
2019-02-12 23:39:42,4,1725018,45146512265,3,83,630913
2019-02-23 11:41:20,0,1732603,49284412692,3,84,0
2019-04-28 08:53:04,9,1778320,42463853495,3,85,1720033
2019-04-28 07:51:22,4,1778296,43113426287,3,86,9509
2019-01-18 19:12:57,10,1706865,42548648115,3,87,592079
2019-03-12 00:16:55,-1,1744331,35600418413,3,1377,-1
2019-01-15 00:22:39,0,239177,13845383539,3,1993,0
2019-05-12 04:12:24,10,548428,647621647434,3,2574,9760528
2019-04-26 18:40:59,3,781746,104830826,4,839,179595
2019-03-02 23:34:54,0,744622,332528472,4,1374,0
2019-04-25 23:07:37,1,115974,113046544,5,513,16802
2019-04-25 23:06:54,0,115974,5529576,5,856,0
2018-12-24 00:47:38,20,604090,924124868,6,121,279599
2019-05-11 22:37:23,4,703839,9797024250,6,122,6336393
2019-04-26 10:05:33,0,692579,762854570,6,123,0
2019-04-28 13:23:49,5,694122,720305205,6,124,1983069
2018-12-24 00:48:18,20,604090,924124868,6,514,262672
2019-01-08 10:42:00,0,615185,693990798,6,1905,0
2019-04-27 16:24:25,4,2288935,11659674455,7,145,158
2019-04-28 13:24:09,88,2295099,11057898551,7,146,69507273
2019-04-25 20:16:57,189,2275872,9721428123,7,147,118132115
2019-04-25 13:40:14,231,2273934,11312164285,7,148,179066986
2019-04-28 07:51:22,37,2293479,10760600869,7,149,16405860
2019-05-12 04:13:39,0,2391226,14239900761,7,151,0
2019-04-26 18:17:15,-1,2282402,11011600762,7,515,-1
2019-01-30 14:55:16,0,1667870,6755528371,7,806,0
2019-04-30 20:33:27,-1,2311407,10051359370,7,864,-1
2019-05-09 16:54:32,33,2373830,13259458579,7,1322,14016314
2019-04-27 21:22:58,6,2290394,10904733380,7,1323,6588333
2019-01-01 10:13:11,1,1459247,7147571451,7,1324,196778
2019-02-02 14:32:31,19,240954,11140205,7,1326,58071
2019-05-12 04:12:41,47,2391220,14098911645,7,1327,160490278
2018-12-03 21:17:19,0,1253638,4744931243,7,1577,0
2019-01-12 20:00:21,0,1535521,5686255395,7,2016,0
2019-03-27 00:05:34,9,2064094,8094535124,7,2225,533610
2019-05-01 18:04:16,0,2317740,10363453424,7,2320,0
2019-01-11 05:57:18,1,266187,81828454,8,516,42833
2019-04-07 21:56:33,2,297242,303260260,8,709,155611
2019-02-20 01:46:13,0,290870,866888825,8,1344,0
2019-04-08 15:10:15,1,297242,303260260,8,1345,167
2019-04-21 15:26:30,830,533574,411418057956,9,88,158090619
2019-04-25 01:37:22,377,535941,457583125691,9,89,216400370
2019-04-28 07:51:22,53,538382,537818836621,9,92,14511774
2019-02-28 20:46:02,2,496369,414387543421,9,94,28
2019-05-12 04:13:43,1,548428,649760409076,9,97,1195667
2019-03-24 00:58:54,33,513124,590621081949,9,98,12252
2019-04-25 08:36:08,20,536102,379471012032,9,99,5873726
2019-04-28 07:51:22,53,538382,537818836621,9,100,14511774
2019-04-28 13:23:50,41,538540,511081318905,9,101,13022136
2019-02-27 08:33:33,1,495315,370811711019,9,103,100
2019-03-08 16:18:13,-1,502046,407800909567,9,517,-1
2019-01-20 12:32:36,0,468415,711730321331,9,1354,0
2019-02-28 07:56:05,-1,496082,464209958988,9,1355,-1
2019-02-13 14:37:44,22,485506,384542670357,9,1356,1514
2019-01-14 02:16:22,1,463571,383033938346,9,1358,160000
2019-01-08 10:40:42,0,459556,393117433321,9,1360,0
2019-04-28 20:05:07,0,538742,504119123987,9,1363,0
2019-01-24 08:00:28,0,471185,702125964302,9,1364,0
2019-04-27 15:39:56,-1,537872,463626661930,9,1365,-1
2018-12-23 13:12:37,0,34454,4318568,9,1366,0
2018-12-09 02:30:38,0,437503,363913591828,9,1705,0
2019-04-25 04:39:51,0,536012,414092098188,9,1769,0
2019-04-05 03:42:50,1,521686,422455007287,9,2227,69
2019-05-12 04:12:23,2,548428,623796405562,9,2435,540000
2019-04-12 12:32:13,0,527021,440034309555,9,2439,0
2019-05-12 04:12:25,10,548428,647621647434,9,2572,9760528
2019-05-12 04:11:36,11,548428,649760409076,9,2663,27248558
2019-02-17 11:20:45,2,391208,1832113991,10,915,8981909
2019-05-12 04:14:00,62,346283,1020681172,12,244,226709
2019-04-23 12:54:27,79,2259574,7380464652,12,245,110722890
2019-04-29 01:59:47,42,336867,1124296699,12,247,268500
2019-03-21 23:19:32,0,305182,16012,12,251,0
2019-05-12 04:12:44,48,346282,996148897,12,252,3059975
2019-03-21 16:40:28,0,308464,1135562741,12,255,0
2019-04-30 21:11:48,1,338162,1109344336,12,260,1363
2019-01-07 04:20:03,0,777656,371696855,12,261,0
2019-03-06 09:36:47,1,298263,1411947089,12,262,64
2019-05-12 04:13:53,0,346283,1020680806,12,768,0
2019-03-08 13:27:14,-1,299784,848464944,12,831,-1
2019-04-25 18:46:42,-1,334486,829913530,12,867,-1
2019-03-08 20:41:57,2,299291,49328211,12,997,351
2019-02-17 05:32:58,-1,285876,1765732902,12,998,-1
2019-02-20 17:18:11,-1,288392,1645141925,12,999,-1
2019-04-29 15:06:37,9,337260,1069624474,12,1000,137879
2019-02-11 03:53:55,-1,372951,562552172,12,1001,-1
2019-05-12 04:13:26,2,346283,1020681172,12,1002,1708
2019-04-26 08:30:51,-1,334898,841482335,12,1003,-1
2019-04-27 12:15:49,0,335742,1283789910,12,1004,0
2019-04-30 18:17:50,1,338072,971593703,12,1005,615
2019-03-16 08:36:19,1,301258,157017,12,1006,1282
2019-05-06 19:53:45,1,342241,1177759559,12,1007,927
2019-03-21 23:24:53,0,305182,16012,12,1009,0
2019-02-27 16:38:56,-1,293359,1424378983,12,1010,-1
2018-12-03 21:16:08,2,231568,1270325006,12,1011,4198
2019-05-02 15:26:02,3,339431,1200735358,12,1012,2005
2019-05-12 04:12:16,0,346281,996148897,12,1014,0
2019-03-12 06:44:06,0,299319,7812999,12,1016,0
2019-04-27 14:30:57,-1,335804,1061561418,12,1017,-1
2019-02-16 16:46:05,0,285501,2193403531,12,1018,0
2019-04-26 23:32:26,3,335359,1090389850,12,1019,11269
2019-04-26 05:29:37,2,330722,976872701,12,1020,9252
2019-03-20 22:52:17,0,308460,1396318113,12,1022,0
2019-01-24 15:25:18,0,268888,1619209652,12,1023,0
2019-04-23 12:26:40,0,332866,1,12,1535,0
2019-02-24 12:29:37,1,291135,1674413592,12,1729,4833
2019-04-24 10:04:11,0,330617,20674072,12,1730,0
2019-03-04 22:15:40,0,297206,1725333423,12,1780,0
2019-04-27 14:42:36,0,335814,1134042468,12,1836,0
2019-02-07 18:41:52,0,279075,2011718388,12,2037,0
2019-02-19 04:53:23,1,287300,1502235079,12,2136,978863
2019-03-14 20:46:13,-1,304347,1471620081,12,2153,-1
2019-04-26 03:06:08,0,332790,1392687540,12,2263,0
2019-03-21 23:25:49,0,305182,16012,12,2294,0
2019-05-12 04:12:47,0,346282,999046408,12,2361,0
2019-05-12 04:13:21,1,346283,1020680506,12,2653,2216
2019-04-25 04:56:41,123,322876,1535975231,13,264,538378
2019-04-30 00:59:39,201,326342,1151591294,13,266,1640597
2019-04-26 23:52:04,14,324163,1473925291,13,267,73738
2019-04-29 09:30:06,412,325889,1566127988,13,268,7134034
2019-03-26 18:15:10,0,278112,446965092,13,269,0
2019-04-25 05:01:06,0,322879,1412886763,13,270,0
2019-05-12 04:11:14,0,335057,1818150235,13,271,0
2018-12-12 04:55:54,1,226799,2122511925,13,272,86917
2019-04-29 00:00:13,0,325604,1519507981,13,720,0
2019-04-30 10:30:55,-1,326626,1156946901,13,868,-1
2019-01-17 14:25:08,0,252884,1702819592,13,921,0
2019-05-12 04:11:15,0,335057,1819197790,13,1444,0
2019-03-12 08:47:25,-1,291422,1108605141,13,1446,-1
2019-03-02 02:53:01,-1,283377,1003746258,13,1447,-1
2018-12-05 16:31:20,3,222125,2352122182,13,1450,7449
2019-03-26 03:04:57,0,301301,1620084899,13,1451,0
2019-05-12 04:13:48,30,335058,1862843558,13,1452,294017
2019-05-08 06:56:25,-1,332258,1480382085,13,1454,-1
2019-04-28 07:51:22,0,325112,1176254820,13,1455,0
2019-02-07 12:40:05,0,267905,1805548103,13,1715,0
2019-01-02 18:58:00,0,242266,1808401278,13,1716,0
2019-05-12 04:14:04,1,335058,1819208638,13,1717,12579
2019-01-15 19:43:39,0,251608,1676575569,13,1883,0
2019-05-07 08:58:43,0,331603,1461877122,13,2613,0
2019-04-26 23:29:20,12,293368,277818952,14,439,24044
2019-05-12 04:10:43,0,300902,1124256923,14,440,0
2018-12-07 10:00:06,0,224258,264762086,14,441,0
2019-04-25 20:39:10,8,292821,295251432,14,442,7386
2019-05-07 09:08:51,4,298527,824110786,14,443,19689
2019-05-12 04:12:04,0,300902,1124256923,14,444,0
2019-04-18 01:51:00,0,289000,199553686,14,445,0
2019-05-12 04:11:56,0,300902,1124256923,14,449,0
2019-05-12 04:12:19,0,300901,1124256923,14,450,0
2019-01-08 08:32:31,0,27331,8018391,14,451,0
2019-04-29 11:24:59,13,294606,397165499,14,452,23249
2019-01-25 10:01:26,-1,248501,349282141,14,1309,-1
2019-04-27 06:38:44,0,293525,396387376,14,1310,0
2019-04-27 14:42:34,0,293702,553374032,14,1821,0
2019-05-02 21:42:02,16,296298,442688458,14,1864,176742
2019-03-29 14:39:12,13,279476,172450408,14,1985,20820
2019-01-15 00:22:38,7,90985,189000091,14,1986,104038
2019-01-27 12:19:00,0,99861,83300091,14,2014,0
2019-05-12 04:11:23,0,300902,1124256923,14,2021,0
2019-05-12 04:13:06,5,91231,1828075391,14,2205,2764
2019-04-27 06:27:01,0,163925,400000168,14,2316,0
2019-04-24 16:23:49,5,292244,307865371,14,2376,40088
2019-04-25 09:33:21,4,265682,18248904,15,412,9729
2019-04-30 21:13:24,21,269621,17657146,15,413,62105
2018-12-02 07:28:07,1,162345,46111820,15,414,1635
2019-05-12 04:12:04,1,277726,12817536,15,415,6101
2019-03-01 15:03:58,1,226414,25459556,15,416,2
2019-04-27 23:15:10,8,267532,21647272,15,1457,420
2019-05-12 04:12:04,1,277726,12817536,15,1718,6101
2019-02-15 20:39:01,1,216543,37483138,15,1790,1540
2019-02-12 20:54:17,0,214403,35843081,15,1828,0
2019-04-24 20:47:20,5,265300,14706289,15,1942,338
2019-04-25 03:49:08,0,265513,16095036,15,1943,0
2019-05-12 04:12:00,1,277726,12817291,15,2019,13000
2019-02-07 15:19:41,0,210641,38028206,15,2149,0
2019-05-12 04:12:33,0,277726,12817082,15,2307,0
2019-05-12 04:12:31,3,277726,12780769,15,2313,9060
2019-04-10 07:20:39,0,254834,11811229,15,2323,0
2019-02-25 01:42:36,17,382818,675449481,16,1137,15992
2019-02-14 20:03:28,-1,375571,530666621,16,1138,-1
2019-03-02 14:57:23,-1,386739,731217323,16,1139,-1
2019-02-12 20:15:28,0,374155,536779641,16,1140,0
2019-02-23 11:05:36,11,381676,648113178,16,1141,13548
2019-02-23 17:48:25,1,381877,570416033,16,1142,40
2019-02-15 02:37:17,1,375762,548484873,16,1144,43
2019-02-24 18:39:14,0,382609,652207759,16,1145,0
2019-03-09 11:09:41,0,391501,715235919,16,1146,0
2019-04-06 10:18:57,-1,410875,276144269,16,1147,-1
2019-02-19 12:19:02,3,378890,672601064,16,1148,5872
2019-02-02 14:36:20,0,112247,421526300,16,1149,0
2018-12-23 13:12:04,0,34453,4265537,16,1150,0
2019-02-07 09:31:30,0,90035,3742917,16,1753,0
2019-02-27 15:19:44,-1,384635,778819017,16,2006,-1
2019-02-10 15:12:27,0,372571,507011797,16,2043,0
2019-02-23 09:40:11,0,381637,558566514,16,2109,0
2019-05-10 01:00:12,2,433989,176231549,16,2437,1955
2019-05-12 04:13:10,5,357404,15847593696,18,126,1401015
2019-05-12 04:13:13,0,357403,15664704259,18,127,0
2019-05-11 22:25:23,6,357319,15279329258,18,128,9916237
2019-05-12 01:35:11,33,357363,17132930466,18,129,452189
2019-04-24 21:49:41,21,351368,9465342976,18,130,4839596
2019-05-12 04:12:39,56,357403,15847593696,18,131,1507891
2019-05-11 09:15:52,0,357122,13198119201,18,133,0
2019-05-12 04:14:05,0,357403,15847593696,18,134,0
2019-03-09 12:48:45,24,334858,6150840431,18,135,5655489
2019-05-12 04:12:18,0,357402,15452103758,18,136,0
2019-03-31 20:08:38,2,342820,6448230828,18,138,111
2019-04-27 00:58:36,13,352121,8786524868,18,139,7253167
2019-02-20 00:53:46,0,328630,7149254678,18,140,0
2018-12-15 23:24:22,0,266022,30777477790,18,141,0
2019-04-28 13:24:09,5,352662,9703225694,18,143,2222007
2019-03-08 12:15:12,-1,334487,4968690822,18,525,-1
2019-03-29 07:19:58,1,341910,5298133166,18,1382,105333
2018-12-30 23:31:30,0,310424,7271100407,18,1383,0
2019-02-02 14:41:27,0,322417,7422134112,18,1384,0
2019-01-02 22:32:27,0,311480,7533331363,18,1865,0
2019-05-12 04:12:30,4,357404,15847593696,18,2026,1386973
2019-04-25 05:01:04,0,351475,8873483334,18,2030,0
2019-04-08 19:03:09,0,345658,6491688203,18,2322,0
2019-05-10 06:58:17,8,356766,14358824924,18,2669,2400302
2019-05-02 03:05:22,77,499267,288065104,19,328,1252595
2019-02-01 19:58:39,0,364532,136804139,19,329,0
2019-05-12 04:13:30,5,513606,250560237,19,330,25713
2018-12-09 13:06:38,5,328738,5856724674,19,331,8610
2019-04-25 01:21:26,118,489166,336388558,19,333,1699177
2019-04-25 08:27:52,2,489591,365335999,19,334,22403
2019-05-12 04:13:05,6,513606,250560237,19,336,29725
2019-04-27 06:08:05,0,492308,389218205,19,337,0
2019-05-12 04:13:54,0,513607,256813212,19,338,0
2019-05-12 04:12:36,0,513605,266763356,19,340,0
2019-05-10 08:37:15,1,511023,339127180,19,341,32046
2019-03-10 13:42:00,-1,424250,393197952,19,526,-1
2019-01-30 18:41:25,-1,368583,483311164,19,1202,-1
2019-04-29 20:19:24,-1,496031,451843071,19,1203,-1
2019-04-29 15:06:36,0,495719,445773216,19,1205,0
2018-12-26 12:17:52,0,340737,5072514934,19,1206,0
2019-01-07 18:19:50,0,349753,4953982031,19,1207,0
2019-05-12 04:13:07,6,513606,250560237,19,1208,29729
2019-04-25 15:08:23,0,489987,412913333,19,1209,0
2019-02-28 09:27:24,-1,409663,496162331,19,1210,-1
2019-04-25 17:39:13,5,490127,305947656,19,1211,5823
2019-05-08 06:56:26,-1,508061,242897132,19,1213,-1
2019-04-25 19:45:07,-1,490257,411026101,19,1214,-1
2019-05-12 04:10:22,0,513604,298661681,19,1215,0
2019-02-24 23:45:27,0,404860,357371745,19,1669,0
2019-01-18 11:10:13,0,357459,6330658626,19,1670,0
2019-04-28 14:24:27,0,494232,328927811,19,1801,0
2019-05-12 04:13:04,0,513606,250560237,19,2258,0
2019-04-25 17:29:55,111,490117,328243805,19,2394,1634633
2019-04-25 22:53:20,-1,490441,345149136,19,2395,-1
2019-04-04 12:11:18,0,459839,569245644,19,2511,0
2019-05-12 04:10:41,0,513604,270235342,19,2557,0
2019-05-08 19:03:04,2,508795,335919794,19,2607,18366
2019-04-30 03:05:59,9,595486,1262007,20,527,18768
2019-03-01 15:03:59,0,511980,3439992,20,723,0
2019-05-12 04:13:57,0,612151,909020,20,770,0
2019-05-01 10:03:20,1,597294,1329622,20,1503,1319
2019-04-26 03:20:14,0,589885,2073694,20,1504,0
2019-05-12 04:13:09,1,612149,871708,20,1506,158
2019-04-26 03:29:48,0,589890,1988491,20,1832,0
2019-04-26 16:34:50,0,590678,2681270,20,1849,0
2019-01-21 06:00:37,0,456371,6448726,20,2102,0
2019-04-28 13:24:11,12,278922,444849420,21,171,4066308
2019-04-28 07:51:22,0,278763,536725312,21,172,0
2019-03-10 16:24:01,0,244404,526457627,21,174,0
2019-05-12 04:12:33,1,288673,805848350,21,175,129
2018-12-21 18:54:38,0,191686,98459689,21,176,0
2018-12-05 16:34:30,7,177623,817398032,21,528,19928
2018-12-30 10:51:26,0,195152,1440451574,21,1378,0
2019-02-09 21:21:57,3,355729,1845312824,21,1379,325770
2019-01-07 04:36:37,0,200643,667972939,21,1380,0
2018-12-03 21:14:16,0,176352,653665650,21,1582,0
2018-12-30 10:51:57,0,195152,1440451574,21,1638,0
2019-03-23 09:38:43,0,251000,33692335,21,2431,0
2019-01-31 00:06:08,0,250833,951794716,23,529,0
2019-02-21 05:05:02,0,262711,12395123872,23,712,0
2019-02-23 11:56:23,3,267379,597338826,23,761,1607013
2019-04-27 03:34:01,30,311778,5767016168,23,777,19299053
2019-04-30 15:28:03,12,314249,5063208140,23,1499,528448
2019-04-24 19:23:15,1,310088,2526938165,23,1502,46
2019-02-23 11:56:22,3,267379,597338826,23,1928,1607013
2019-04-28 07:51:21,9,312620,6972438066,23,2170,7413587
2019-05-12 04:12:57,0,322424,9907662567,23,2380,0
2019-04-09 19:43:57,1,299408,1730301478,23,2452,1208333
2019-05-11 05:55:27,15,428010,7889957,24,530,88447
2019-04-26 23:35:08,11,414362,8048858,24,715,22351
2019-05-12 04:13:50,0,428932,8612203,24,1264,0
2019-04-27 14:45:03,8,415067,9566604,24,1265,59835
2019-02-07 12:40:00,0,339660,15571684,24,1687,0
2019-04-28 14:32:16,6,415951,9336580,24,1809,44852
2019-04-10 07:23:50,0,398411,8852766,24,2249,0
2019-03-27 11:51:57,90,313424,1376586200,26,106,108229
2019-05-12 04:07:52,1,281400,350122860,26,108,1535
2019-04-26 13:23:58,40,275786,421396924,26,109,644135
2019-04-26 23:35:08,0,275938,387946730,26,110,0
2019-04-28 07:47:16,1,276421,397943168,26,111,1533
2019-04-28 13:23:52,0,276509,472366202,26,112,0
2019-04-24 22:26:11,2,275200,390995192,26,113,5820
2018-12-31 16:51:23,0,234035,20682813028,26,114,0
2019-05-12 04:08:05,1,274542,14504881,26,115,125090
2019-02-27 08:34:22,0,254767,9353890914,26,116,0
2018-12-21 03:00:58,4,2560825,201268602,26,117,187348
2019-03-08 20:16:44,-1,258188,11156608097,26,532,-1
2019-03-13 02:23:03,-1,259723,11854093711,26,829,-1
2019-05-08 19:02:57,6,280186,367439134,26,1333,36855
2019-05-12 04:07:52,7,281400,350122860,26,1334,736
2018-12-23 12:47:45,0,231084,13148398125,26,1335,0
2019-04-24 01:25:39,1,274292,119019644,26,1337,310000
2019-03-27 01:49:43,0,264749,11830476789,26,1338,0
2019-01-13 10:57:57,0,238612,12795944706,26,1339,0
2019-04-25 05:15:47,0,275302,380122292,26,1340,0
2019-01-15 00:20:46,0,239177,13845383539,26,1341,0
2019-01-29 17:09:09,0,244459,11889611523,26,1797,0
2019-01-03 00:05:05,0,234864,19964106466,26,1881,0
2019-01-06 13:22:20,0,236133,13836702043,26,1902,0
2019-01-15 00:22:42,7,239177,13928623085,26,2017,1264001
2019-01-24 01:27:29,3,242433,14696917042,26,2118,250191
2019-04-24 01:25:38,1,274292,119019644,26,2226,310000
2019-04-21 17:29:06,0,274000,23355284965,26,2311,0
2019-04-05 15:59:03,0,268213,15416758162,26,2522,0
2019-04-30 03:32:12,4,453646,3056920,27,370,12943
2019-04-26 13:23:58,8,451356,65621529,27,1045,304086
2019-02-14 04:20:01,5,675597,1230840111,28,534,677502
2019-04-26 03:40:33,444,1439463,11038449764,29,342,6539131
2019-04-25 06:15:04,437,1436886,8285275030,29,343,3365292
2019-04-28 23:23:05,2,1447542,9283919647,29,344,13390
2019-05-12 04:12:56,393,1485373,9386531659,29,345,73945847
2019-04-28 21:59:55,12,1447371,7725970316,29,347,216800
2019-05-12 04:11:16,1,1485374,9386531659,29,348,652
2019-05-12 04:11:16,0,1485374,9386531659,29,349,0
2019-05-12 04:12:49,10,1485374,9386531659,29,350,178820
2019-02-15 23:29:08,0,1241190,2930404233,29,352,0
2019-02-06 21:38:01,0,1215187,4633682123,29,354,0
2019-03-26 01:01:34,0,1350279,4428774970,29,355,0
2019-05-09 20:31:49,0,1478720,9654673177,29,356,0
2019-05-12 04:12:23,2,1485374,9386531659,29,357,5834
2019-04-25 05:23:52,-1,1436779,7293161722,29,863,-1
2019-04-23 03:10:35,1,1430788,8990424834,29,1250,21846
2019-01-24 04:10:47,-1,1175895,5133070177,29,1253,-1
2019-03-25 15:55:04,1,1349186,4315402629,29,1255,1354
2019-05-12 04:12:27,6,1485373,9386531659,29,1256,25980867
2019-03-10 08:14:05,-1,1305296,5106377294,29,1257,-1
2018-12-15 23:23:04,0,924445,820499136,29,1258,0
2019-04-26 14:27:14,109,1440745,10025056375,29,1259,37069730
2019-05-12 04:12:38,0,1485374,9386531659,29,1676,0
2019-04-27 21:57:44,10,1444517,12266749399,29,1677,1068595
2019-04-29 03:43:14,10,1448064,10033334338,29,1803,82140
2019-05-12 04:13:31,7,1485375,9528223930,29,1892,50683813
2019-04-26 05:53:39,0,1439723,9199899970,29,2206,0
2019-04-25 20:20:00,1,1438580,10819688463,29,2207,6585
2019-04-25 05:55:26,0,1436847,8685772930,29,2208,0
2019-05-12 04:14:03,1,1485377,8921283279,29,2209,250
2019-04-05 06:36:14,0,1379633,6615261414,29,2288,0
2019-03-21 17:40:41,0,1337935,5343890993,29,2301,0
2019-04-25 19:47:18,9,1438515,11142458932,29,2398,223224
2019-04-26 22:25:29,104,1441698,10064538638,29,2399,37187014
2019-04-24 07:45:40,0,1434208,8646810193,29,2418,0
2019-05-11 19:10:53,6,1484293,10576274860,29,2470,83219
2019-04-12 09:58:22,0,1400099,6161870008,29,2494,0
2019-04-25 11:33:03,319,256979,34349723206,29,2515,94484391
2019-04-25 11:05:08,64,17208,90112734,29,2598,1872543
2019-04-29 15:12:15,17,1449442,11688089694,29,2599,1081653
2019-04-25 21:28:16,10,1438714,10479306040,29,2600,118374
2019-03-24 19:38:00,9,198522,7759331,30,405,327
2019-05-12 04:11:27,12,221459,3747989,30,406,32424
2019-05-12 04:11:00,15,221459,3747989,30,408,5006
2019-05-10 08:44:56,6,220606,4271272,30,409,10051
2019-05-12 04:10:35,2,221460,3747989,30,410,2163
2019-02-04 13:58:35,0,175625,10277385,30,411,0
2018-12-01 16:17:14,0,144887,27399760,30,1312,0
2019-02-17 18:52:36,0,181902,8539280,30,1313,0
2019-05-12 04:12:02,0,221460,3747989,30,1924,0
2019-04-10 07:12:09,0,206341,7243880,30,2279,0
2019-03-15 18:05:39,0,175625,10277385,30,2400,0
2019-04-10 07:11:46,0,206341,7243880,30,2401,0
2019-05-08 02:07:11,61,324949,1718023049,31,230,387815
2019-04-27 15:18:53,384,317441,2219961919,31,231,11219766
2019-05-12 04:12:05,0,327889,1861140853,31,232,0
2019-03-24 07:32:45,10,290609,175966782,31,233,6845
2019-04-25 02:44:24,7,315623,1951947044,31,234,1183121
2019-02-01 22:11:51,0,256534,1737959543,31,238,0
2019-01-03 04:19:59,0,235156,3399325266,31,239,0
2019-04-30 07:02:27,2,319349,1851043924,31,240,8274
2019-04-25 05:32:57,0,315712,2311240601,31,241,0
2018-12-04 22:07:18,0,214129,5228699498,31,242,0
2019-03-09 19:19:40,-1,282318,1353343470,31,833,-1
2019-04-30 08:47:41,1,319400,1728149061,31,1508,480
2019-04-27 14:45:05,0,317426,2117939665,31,1509,0
2018-12-27 16:19:47,0,230497,5165093425,31,1510,0
2018-12-02 00:06:01,1,212037,7048372562,31,1512,17140
2019-02-19 08:01:54,0,269049,1506272088,31,1513,0
2019-02-28 19:15:19,-1,275791,1561050295,31,1514,-1
2019-04-26 00:55:34,2,316292,2217772484,31,1516,164610
2019-05-07 21:13:02,5,324803,1788929617,31,1517,28149
2019-04-27 12:39:43,-1,317366,2369784344,31,1520,-1
2019-05-12 04:12:40,1,327889,1829947431,31,1521,6614
2018-12-09 13:12:08,2,217459,5357234725,31,1724,64875
2019-02-07 12:40:06,0,260558,1293267990,31,1725,0
2019-05-12 04:12:00,0,327889,1861160290,31,1833,0
2019-03-25 01:37:20,0,293291,1392523150,31,2000,0
2019-04-25 18:33:46,-1,316099,2001086096,31,2234,-1
2019-05-12 04:11:39,4,258804,437201106,31,2253,626
2019-05-12 04:12:12,0,327889,1861160290,31,2262,0
2019-03-20 11:34:42,0,289982,1127742290,31,2284,0
2019-04-21 16:51:39,23,313169,1937258559,31,2505,1277800
2019-04-26 02:56:46,0,316352,2139731799,31,2584,0
2019-05-07 00:03:26,10,910960,927909,32,479,30987
2019-03-07 08:56:39,2,826145,972519,32,480,1475
2019-04-26 05:22:19,2,895985,1169050,32,481,234
2019-05-02 12:59:24,1,904660,796685,32,482,526
2019-05-12 04:12:50,0,917215,678367,32,483,0
2018-12-10 05:19:22,1,703511,5415114,32,538,2037
2018-12-16 13:06:02,0,712346,4411200,32,1126,0
2018-12-12 15:02:09,1,704207,5074149,32,1127,4180
2019-05-08 06:56:25,-1,912520,904670,32,1128,-1
2019-05-12 04:13:53,0,917215,678367,32,1750,0
2019-04-28 23:09:02,54,532128,746384879,33,285,224276
2019-05-12 04:12:27,22,535880,687299499,33,286,33124
2019-04-25 07:37:41,34,531095,884796795,33,287,121929
2019-02-26 10:37:45,37,514620,1089939708,33,288,72040
2019-05-12 04:13:55,0,535880,687299499,33,289,0
2019-04-26 09:40:17,11,531412,1182451476,33,290,31294
2019-03-01 23:55:01,0,515640,1270688947,33,291,0
2019-01-16 04:51:26,0,503001,2327009749,33,292,0
2019-04-28 07:49:57,1,531947,805003894,33,294,11000
2019-04-29 00:17:14,0,532136,681955542,33,298,0
2019-04-11 10:30:33,0,527156,1217851919,33,299,0
2019-05-12 04:13:10,0,535880,687299499,33,300,0
2019-04-28 01:22:43,2,531867,700441904,33,301,59586
2019-04-10 19:45:33,1,526979,1284589898,33,302,6822
2019-01-16 04:51:27,0,503001,2327009749,33,304,0
2019-04-30 10:18:35,9,532540,711010133,33,539,1290445
2019-03-08 13:50:35,-1,517517,1493603352,33,832,-1
2019-04-27 04:33:04,-1,531626,850334788,33,861,-1
2019-01-16 04:45:57,0,503001,2327009580,33,1153,0
2019-04-24 22:31:01,-1,530988,947136138,33,1154,-1
2019-04-27 05:56:26,0,531645,948032867,33,1156,0
2019-02-27 09:41:54,-1,514833,1201547254,33,1159,-1
2019-05-02 15:26:09,3,533189,1051915772,33,1160,8128
2019-03-29 07:40:33,-1,523402,829842386,33,1162,-1
2019-01-16 04:45:57,0,503001,2327009541,33,1163,0
2019-05-02 11:36:42,0,533134,849615427,33,1164,0
2018-12-03 21:17:17,5,442813,1668976104,33,1550,2189
2019-05-12 04:13:38,4,535880,687299653,33,1606,6702
2018-12-10 04:09:12,0,451562,2473433781,33,1754,0
2019-04-10 03:17:11,0,526778,1021107364,33,1782,0
2019-05-12 04:12:09,0,535880,687299499,33,1840,0
2019-01-16 04:48:14,0,503001,2327009749,33,1965,0
2019-03-27 17:35:16,0,278581,331515170,33,2008,0
2019-02-18 16:26:50,0,512415,1303462289,33,2199,0
2019-05-02 22:48:13,10,533269,874025497,33,2270,1090723
2019-04-30 23:13:42,3,532694,768152536,33,2509,2748
2019-05-12 04:10:26,38,369186,74215286,34,377,63218
2019-05-12 04:10:26,7,369186,74215286,34,378,10633
2019-05-12 04:10:26,4,369186,74215286,34,379,6880
2019-05-12 04:09:52,5,369186,74215286,34,380,69747
2018-12-13 07:34:32,1,262494,38517727,34,381,8667
2019-05-12 04:10:30,4,369186,74215286,34,1875,3439
2019-02-04 14:46:10,1,300335,86145014,34,1876,2
2019-05-12 04:11:02,4,369186,74215286,34,1877,15134
2019-01-07 21:07:35,1,280625,138852933,34,1898,421
2019-05-12 04:10:44,2,369186,74215286,34,1899,10330
2019-01-19 17:09:41,1,289031,41291984,34,1900,363
2019-05-02 19:01:58,2,362457,62724896,34,2366,1198
2019-05-08 06:01:22,-1,366369,75506516,34,2427,-1
2019-04-14 03:08:24,1,349116,73389631,34,2510,3121
2019-05-12 04:10:03,6,369185,74215286,34,2535,35977
2019-04-30 07:47:19,1,360700,88347332,34,2562,12543
2019-05-12 04:14:01,4,179662,2199176,34,2563,3447
2019-02-22 23:48:43,0,331075,2515238553,36,154,0
2019-04-30 10:18:38,7,589793,2475075818,36,155,504
2019-05-02 18:16:08,6,652605,1726951716,36,157,1541786
2019-04-13 13:55:42,15,422524,116,36,158,3668
2019-04-30 06:15:53,14,589684,3616580357,36,159,3681212
2019-04-28 13:23:53,14,588461,2963937134,36,160,7939807
2019-01-10 17:18:26,0,228204,4057212840,36,161,0
2019-02-24 12:05:42,0,332152,2497146950,36,754,0
2019-01-07 04:36:39,0,225692,3444046940,36,1392,0
2018-12-03 21:17:19,0,201289,3416117083,36,1584,0
2018-12-19 03:21:49,0,212105,3532161288,36,1640,0
2019-01-06 13:32:22,0,225258,5113385163,36,1904,0
2019-03-18 13:26:27,2,190487,111000000,37,542,119
2019-05-11 04:53:30,7,209563,81400000,37,711,19532
2019-05-12 04:13:41,0,209914,67600000,37,724,0
2019-05-12 04:12:47,55,209913,71800000,37,854,11486
2019-02-13 21:00:43,0,180162,281000000,37,1438,0
2019-05-12 04:12:24,4,209913,71800000,37,1882,27287
2019-02-07 07:34:16,0,46145,45306161,41,1667,0
2019-03-30 08:42:55,0,140859,108000097,41,1800,0
2019-02-24 06:25:00,8,54417,454551907,41,1967,168620
2019-01-15 00:22:31,29,35187,483517527,41,1968,309998
2019-02-14 22:55:46,22,49965,390059095,41,1969,268844
2019-02-25 10:51:55,0,54991,536817387,41,1970,0
2019-02-25 17:51:06,1,55136,619682693,41,1971,4700
2019-05-12 04:13:06,5,91231,1828075391,41,2200,2764
2019-02-25 03:39:50,0,54848,533170801,41,2242,0
2019-02-22 14:37:27,8,53637,541682914,41,2250,40401
2019-03-12 10:07:25,2,62152,546517356,41,2297,9100
2019-04-18 09:15:14,0,79843,1040309451,41,2374,0
2019-05-08 04:33:20,18,89320,1511717414,41,2497,2798679
2019-05-08 14:28:35,6,89529,2090347427,41,2621,94603
2019-05-12 04:11:02,8,339009,70714560,42,182,740
2019-05-12 04:09:53,3,339009,69373561,42,183,21103
2019-05-12 04:11:02,0,339009,70714560,42,184,0
2018-12-30 09:39:05,0,245522,30089018,42,186,0
2019-03-01 03:23:55,0,288377,160486147,42,1260,0
2019-05-08 12:38:15,3,336407,28093222,42,1261,14311
2019-05-12 04:09:56,0,339010,69373561,42,1262,0
2018-12-02 06:19:36,1,225705,21157323,42,1559,35408
2018-12-12 07:47:53,0,232742,28517903,42,1615,0
2019-05-12 04:11:12,0,339010,69373561,42,1685,0
2019-04-06 15:56:01,0,314039,39761727,42,2187,0
2019-01-08 07:40:52,0,375557,104580285,43,400,0
2019-04-26 22:29:48,0,405515,100000,43,401,0
2019-03-25 06:19:28,4,402164,623876,43,402,2122
2018-12-21 05:16:12,0,369101,127016039,43,403,0
2019-03-05 21:22:15,1,395330,7785540,43,767,4366
2019-04-03 07:10:50,5,405349,2279072,43,1152,10511
2019-03-05 01:24:49,0,203170,789741644,44,899,0
2019-04-01 23:53:22,0,358632,91600253,47,227,0
2019-02-23 20:19:37,1,333687,248000116,47,229,89
2019-02-21 20:14:59,-1,332308,195000145,47,547,-1
2019-01-14 23:48:51,4,1044571,5638863427,47,1983,1822
2019-01-15 00:22:47,29,35187,483517527,47,2028,309396
2019-03-21 03:42:23,3,137515,197000075,47,2377,9721
2019-05-09 20:32:56,0,384442,90700216,47,2426,0
2019-02-25 13:38:56,1,1201936,33347561,49,760,233333
2019-04-28 13:24:17,9,1379598,59497257,49,773,2227376
2019-05-12 04:13:57,5,1418816,67377093,49,1386,101866
2019-01-12 00:34:44,2,1073609,106879291,49,1387,58000
2019-04-18 04:35:36,0,1349861,39145010,49,1388,0
2019-02-28 14:14:44,-1,1210671,44613296,49,1390,-1
2019-05-12 04:13:42,1,1418817,67377093,49,2027,280478
2019-02-04 08:29:10,80,232260,110757763,52,550,99526
2019-01-02 12:12:36,1,208689,71347161,52,847,59
2019-02-03 22:23:45,18,231957,112994419,52,1271,84330
2019-01-13 12:36:34,0,216597,82443540,52,1272,0
2019-01-17 22:30:00,0,219767,83795332,52,1274,0
2019-04-15 08:11:08,0,282368,4442179,52,1275,0
2019-04-23 08:39:37,2,288117,1637102,52,1276,2450
2019-04-03 08:05:06,7,273765,12437119,52,1278,82958
2019-02-03 11:44:36,0,231625,68675547,52,2097,0
2019-04-02 20:34:32,8,273461,35625965,52,2486,17903
2019-05-08 11:57:23,1,15193,312288530,52,2603,3004
2019-04-29 07:27:59,-1,8570,154196925,52,2604,-1
2019-05-12 04:13:20,3,17842,378663250,52,2643,134129
2018-12-11 03:41:19,20,178692,9966989,54,710,75997
2019-01-06 17:40:51,3,195558,146299,54,785,1658
2019-02-14 03:34:22,8,221751,2202561,54,1303,15802
2018-12-07 15:47:01,5,176214,36332675,54,1304,15220
2019-02-04 09:10:39,0,1763890,82837063301,54,1305,0
2018-12-18 20:35:15,0,182320,3816076,54,1306,0
2019-02-02 13:38:39,0,196344,420922843,57,553,0
2019-02-25 13:38:54,1,208195,579179177,57,745,252833
2019-04-27 18:12:51,6,247800,293314974,57,1702,1064434
2019-05-12 04:13:49,3,258099,1074219983,57,1703,1141827
2019-05-01 09:57:23,0,250521,550394968,57,1704,0
2019-05-01 09:58:42,1,250522,550394968,57,2351,989168
2019-05-10 21:13:02,17,257228,1605074477,57,2421,7503352
2019-05-10 08:38:37,96,340078,62043920,58,388,203558
2019-05-12 04:09:33,16,341392,89344412,58,389,43780
2019-04-26 14:51:53,1,330246,76519083,58,390,437
2019-05-12 04:09:17,3,341393,89344412,58,391,4272
2019-05-12 04:10:10,1,341393,89344412,58,392,106
2019-05-12 04:09:34,9,341393,89344412,58,1118,396827
2019-04-03 04:07:11,2,313461,69370395,58,1119,454
2019-02-21 17:05:47,0,284562,160913379,58,1767,0
2019-02-18 16:27:00,0,282382,135482713,58,1843,0
2019-01-01 22:24:15,0,248217,128239318,58,1897,0
2019-03-09 23:03:02,0,296182,170673516,58,2354,0
2019-03-24 14:04:07,0,306609,82308306,58,2429,0
2019-04-28 14:39:18,3,186151,886363,61,796,5706
2019-02-25 13:38:56,6,142109,7941258,61,927,8191
2019-02-13 15:35:35,0,133928,10149859,61,994,0
2019-05-12 04:13:02,1,195897,1638027,61,995,167
2019-03-06 12:08:10,0,246923,43771296,61,996,0
2019-02-07 12:40:06,0,129538,9464724,61,1726,0
2019-04-25 10:27:46,1,183898,1235002,61,1727,1500
2019-01-20 13:06:05,0,117892,13950642,61,1728,0
2019-04-25 10:31:05,0,183898,1235002,61,1868,0
2019-04-25 10:25:10,0,183898,1239239,61,2181,0
2019-02-12 20:38:55,2,271707,1254991246,62,471,1470
2019-05-12 04:03:15,5,93317,269321869,66,557,858581
2019-05-08 11:53:32,17,104346,182000000,67,713,109322
2019-01-24 09:20:41,-1,76605,472000278,67,1025,-1
2018-12-07 20:19:37,0,67520,93100999,67,1027,0
2019-04-26 06:03:03,0,100863,252000000,67,1028,0
2019-04-25 22:04:33,0,100765,259000000,67,1029,0
2018-12-05 03:02:23,0,67502,250000999,67,1030,0
2019-05-12 04:11:13,0,105410,173000000,67,1031,0
2019-04-26 15:58:57,-1,100983,253000000,67,1032,-1
2019-04-28 07:51:21,0,101457,254000000,67,1033,0
2019-02-19 13:23:38,0,81769,997000666,67,1034,0
2019-02-07 12:26:24,0,79658,677000246,67,1731,0
2019-02-13 18:45:47,0,80901,714000999,67,1799,0
2019-05-12 04:11:54,0,105410,173000000,67,1837,0
2019-02-05 16:19:48,0,79206,496000438,67,1851,0
2019-05-12 04:10:10,3,105410,173000000,67,1962,11889
2019-04-30 16:47:36,1,102137,274000000,67,2309,1647
2019-05-12 04:10:34,0,105410,173000000,67,2336,0
2019-05-12 04:11:53,0,105410,173000000,67,2337,0
2018-12-22 17:18:19,2,272458,200030,71,784,156
2019-05-12 04:13:10,23,405621,2962306,71,855,34089
2019-02-07 10:14:02,6,317225,10655878,71,1831,22989
2019-04-26 23:33:00,4,391297,4809805,71,2221,27217
2019-04-25 09:06:21,3,389768,3285198,71,2409,25589
2019-05-11 13:18:53,1,405034,2208306,71,2512,9045
2019-05-12 04:13:32,8,894556,3399528727,75,561,1037
2019-01-19 06:15:44,38,888197,320287382,75,2022,13283068
2019-01-10 16:31:37,0,706466,1234688075,75,2023,0
2019-05-12 04:14:06,12,894557,3397891133,75,2024,2949
2019-01-19 08:32:50,5,888210,321891968,75,2025,67287
2019-05-12 04:12:34,0,894554,3413164156,75,2229,0
2019-05-02 21:55:16,1,880849,1104262800,75,2459,659
2019-05-12 04:13:47,0,894556,3399528727,75,2559,0
2019-05-12 04:13:23,4,894555,3403769477,75,2664,1389318
2019-05-12 04:13:22,0,894555,3403769477,75,2665,0
2019-05-12 04:13:23,10,894555,3403769477,75,2666,29929121
2019-04-26 18:49:18,1,939617,2196,77,841,29
2019-01-14 02:14:29,2,851570,53444305,79,564,30315
2019-02-02 09:59:57,4,864490,75073072,79,753,939368
2018-12-24 06:39:08,12,245773,337697397,81,751,2566091
2019-05-12 04:08:07,0,340536,10249028,81,766,0
2019-05-08 12:38:28,2,338000,25322359,81,1401,103593
2019-04-25 04:41:48,2,328866,23436608,81,1708,304000
2019-03-21 13:21:01,0,384275,4599944543,81,2443,0
2019-04-01 08:47:21,1,313349,81085224,81,2496,273333
2019-03-11 17:45:34,121,1064765,10965848633,82,305,220019
2019-03-31 04:07:56,5,1071506,6178424681,82,306,6757
2019-05-12 04:07:29,1,1086560,5791568964,82,307,140333
2019-01-08 06:28:56,4,1042100,4778401683,82,308,2094
2019-04-28 04:56:08,12,1081545,5884268508,82,309,4105336
2019-04-26 23:24:44,39,1081144,6027635318,82,310,8597654
2019-04-13 18:41:59,0,1076419,6447049403,82,311,0
2019-05-12 04:06:32,0,1086561,5776759797,82,312,0
2019-05-12 04:06:52,0,1086561,5776759797,82,313,0
2019-05-12 04:07:00,1,1086560,5791568964,82,315,416
2019-02-11 21:58:17,-1,1054646,6958597019,82,566,-1
2019-03-10 00:47:35,-1,1064180,11796659218,82,828,-1
2019-02-14 02:35:33,16,1055396,6194822325,82,1228,58159
2019-05-12 04:06:12,-1,1086560,5791568964,82,1229,-1
2019-04-27 06:08:20,-1,1081232,6183260879,82,1230,-1
2019-03-07 15:37:01,-1,1063260,10122309531,82,1231,-1
2019-02-13 00:49:32,-1,1055009,6778671739,82,1233,-1
2018-12-20 11:41:33,-1,1035391,5854121763,82,1234,-1
2018-12-31 15:11:48,2,1039435,5812033778,82,1235,21000
2019-04-29 17:28:21,-1,1082077,5258053413,82,1237,-1
2018-12-07 12:40:23,-1,1030578,3368991320,82,1238,-1
2018-12-26 17:11:23,12,1037676,6089801299,82,1239,9371
2019-05-12 04:07:26,0,1086561,5776759797,82,1240,0
2019-04-01 16:46:47,2,1072063,6181962354,82,1242,3739
2019-05-12 04:05:54,-1,1086560,5791568964,82,1243,-1
2019-01-14 23:45:23,4,1044571,5638863427,82,1244,1517
2019-03-07 02:43:54,0,1063072,10395714586,82,1674,0
2019-04-23 12:27:33,0,1079906,6112698007,82,2099,0
2019-05-12 04:07:20,0,1086561,5776759797,82,2264,0
2018-12-05 13:18:30,6,150047,4728728,84,568,41352
2019-01-31 02:41:11,1,173828,87582,84,1575,458
2019-03-25 21:04:53,0,277669,244964556,84,1701,0
2019-03-27 18:35:34,0,508745,2229622,85,569,0
2019-05-01 19:14:18,6,559088,1325450,85,717,9415
2019-01-11 14:53:55,0,400709,3322428,85,1906,0
2019-05-12 04:12:44,1,365469,61939852,87,571,103
2019-01-18 02:31:33,3,1091133,90637658,87,742,1343878
2019-01-15 00:20:48,0,287777,70134218,87,1352,0
2019-05-08 12:38:24,0,362386,17878661,87,1353,0
2018-12-11 16:12:31,2,245275,23726425,88,572,179604
2019-04-27 03:09:23,6,1292793,1747787330766,89,372,162429952
2019-04-24 20:47:54,16,1291149,1713357844277,89,373,86573969
2019-05-12 04:12:58,1,1303614,1809309259012,89,374,769391
2019-05-03 01:14:31,0,1297044,1624025358209,89,376,0
2019-04-24 21:35:36,188,1291169,1675723834854,89,573,10235299025
2019-05-12 04:09:12,4,300064,9296279,91,574,2224
2019-01-20 11:06:50,0,262285,131519575,91,851,0
2019-04-11 06:20:07,8,289952,131359612,91,1103,28795
2018-12-05 07:07:37,0,246048,231228085,91,1104,0
2019-05-12 04:10:44,1,300065,9296279,91,1105,535
2019-02-02 18:16:18,0,398446,584095,91,1106,0
2019-05-07 13:50:08,0,298482,18342129,91,1107,0
2019-05-09 23:55:49,2,387898,2632534,93,575,1090
2019-01-25 14:42:52,0,130005,246473573,93,755,0
2019-05-09 23:55:49,2,387898,2632534,93,2444,1090
2019-04-30 20:17:31,5,381610,2811431,93,2445,26085
2019-04-03 18:46:29,0,363144,3033047,93,2446,0
2019-04-24 19:23:15,0,377460,3659235,93,2447,0
2019-05-12 04:13:24,0,389402,1602229,93,2676,0
2019-03-20 01:42:47,2,256461,22143140,95,795,623
2019-01-01 02:49:34,13,201198,7105121,95,813,31310
2019-03-06 12:08:08,0,246923,43771296,95,846,0
2019-03-20 01:33:38,3,256460,21833961,95,1129,200814
2019-02-21 09:27:45,1,237884,62037922,95,1130,273
2019-03-21 11:26:51,1,256753,248308,95,1132,933
2019-02-12 20:15:25,0,231848,61458295,95,1839,0
2019-02-23 22:03:26,0,239651,78066923,95,1963,0
2019-02-25 13:38:55,0,240780,59559413,95,2239,0
2019-05-12 04:13:16,12,274938,37776197,96,394,25213
2019-05-12 04:13:12,0,274938,37776197,96,395,0
2019-02-02 18:02:35,3,204663,29909062,96,397,55
2019-05-12 04:13:17,1,274938,37776197,96,399,1359
2019-04-26 15:50:44,2,263879,31501394,96,1279,1597
2019-04-27 12:18:05,0,264488,32829960,96,1280,0
2019-05-12 04:13:10,0,274938,37776197,96,1281,0
2019-04-28 14:24:29,0,265269,29840194,96,1813,0
2019-01-27 13:46:13,2,200249,39240266,96,2098,505
2019-04-17 20:40:24,0,364103,62368456074,99,476,0
2018-12-19 16:27:33,6,254091,86588863794,99,478,56194194
2019-04-25 19:44:05,68,257226,32994898489,100,273,33876001
2019-05-11 06:19:00,16,266553,2989356581,100,274,182216
2019-01-03 20:03:25,2,173374,300684,100,279,781
2019-04-28 06:34:06,2,258984,35673825789,100,280,6105
2019-05-12 04:10:07,0,268970,41918506147,100,283,0
2019-02-06 02:45:18,0,200568,779896476,100,778,0
2019-04-27 11:08:00,-1,258412,43301329532,100,866,-1
2019-05-02 13:26:32,5,262065,34509712610,100,891,214279
2019-04-28 17:12:09,0,259307,37199694416,100,895,0
2019-04-25 23:01:44,-1,257326,42144500006,100,1458,-1
2019-04-28 13:27:55,0,259202,50477594689,100,1460,0
2019-05-08 02:23:30,0,266047,37609162726,100,1461,0
2019-03-13 03:02:53,0,186301,5391,100,1462,0
2019-01-15 00:44:10,0,180777,26617,100,1463,0
2018-12-03 13:42:36,0,128479,559810717,100,1464,0
2018-12-14 03:31:43,0,161849,1393569637,100,1465,0
2019-05-02 13:26:09,5,262065,34509712610,100,1466,212996
2019-05-07 08:57:46,0,265520,30333165501,100,1467,0
2019-04-25 02:34:19,3,256711,40306688341,100,1468,4645
2019-04-23 16:33:12,0,255693,31370413809,100,1469,0
2019-03-10 16:16:00,-1,223961,874413080,100,1470,-1
2019-04-25 11:48:16,3,256984,29377070106,100,1473,191472
2019-05-12 04:10:07,0,268970,42090256699,100,1474,0
2019-03-25 06:32:05,0,234436,558277124,100,1476,0
2018-12-03 21:17:21,0,154523,1515866914,100,1596,0
2019-02-07 12:40:05,0,183368,2248,100,1719,0
2019-04-26 05:26:18,1,257518,37131732219,100,1720,667
2018-12-11 13:04:01,0,155977,1659952855,100,1777,0
2019-04-15 01:39:37,0,1407692,6376798125,100,1829,0
2019-05-12 04:10:50,0,268970,42085640710,100,1847,0
2019-04-23 12:24:11,0,255570,33016418307,100,1866,0
2019-04-26 10:29:41,0,257671,39741400965,100,2482,0
2019-05-02 01:52:04,-1,261721,36800065992,100,2483,-1
2019-04-12 16:51:45,466,1400922,6597026689,100,2513,122096323
2019-05-06 20:35:23,3,265158,40668198367,100,2514,26676325
2019-05-12 04:09:37,4,268970,42090261129,100,2551,170365
2019-05-08 11:45:00,2,266328,34931194936,100,2571,86048
2019-05-12 04:09:38,0,268970,42090571422,100,2644,0
2019-05-06 21:19:09,0,265178,38914624945,100,2646,0
2019-02-03 09:06:29,8,127289,510706808,101,579,992924
2019-04-28 13:24:19,10,165964,930406875,101,775,2776899
2019-05-12 04:13:00,0,172205,462506155,101,1398,0
2019-01-13 10:30:13,0,117701,596330276,101,1399,0
2019-05-12 04:13:55,1,1827489,1212232898,103,382,3825
2019-04-30 00:59:28,23,1818976,398146557,103,383,2777858
2019-04-28 19:23:38,1,1818118,340627012,103,384,21527
2019-04-25 17:30:16,1,1815939,396098656,103,385,343
2019-04-28 07:51:21,1,1817784,321000070,103,387,764
2019-02-21 17:08:36,4,1771919,42922351,103,1122,2523
2019-04-11 03:56:14,7,1805669,149214011,103,1123,18101
2019-04-29 17:28:29,-1,1818751,411048658,103,1124,-1
2019-04-29 17:11:31,0,1818744,405397888,103,1125,0
2019-02-28 23:31:47,0,1777119,86416012,103,2285,0
2019-05-12 04:13:01,0,1827488,1212895077,103,2340,0
2019-05-11 12:55:25,32,1827098,783007644,103,2652,18645
2018-12-25 00:20:04,6,156309,1112115,104,581,7194
2019-05-07 08:13:18,5,330423,7534558,105,366,432
2019-02-25 13:38:56,3,262746,8674588,105,367,3035
2019-05-10 08:52:51,21,333284,6008743,105,369,27591
2018-12-27 13:50:50,120,206960,3396608,105,582,147729
2019-05-12 04:10:21,0,334982,4822240,105,1269,0
2018-12-03 21:17:16,4,184136,23366540,105,1560,22799
2019-01-24 10:31:17,3,233380,11737725,105,1616,6285
2019-02-13 15:16:00,7,251424,12010145,105,1768,23623
2018-12-29 19:20:43,0,208834,30010118,105,1879,0
2019-04-20 23:46:26,0,140251,4008060614,107,776,0
2019-01-01 02:54:02,0,97215,8665111820,107,814,0
2019-03-29 21:02:58,6,138974,3786006303,107,1329,11270833
2019-02-24 10:02:13,0,123075,3804767476,107,1330,0
2019-04-01 08:43:26,0,140062,2380730032,107,1331,0
2019-04-23 16:19:30,0,140251,3257900016,107,1332,0
2019-01-29 11:07:17,0,110688,5197867117,107,1825,0
2019-04-23 16:27:36,1,140251,4008061448,107,2029,326475
2019-04-01 17:18:50,1,140125,1829670788,107,2189,20500
2019-03-31 16:33:13,2,139744,2443106381,107,2386,1216667
2019-02-02 07:24:53,17,196140,695613315,111,879,3339893
2019-03-14 16:22:14,1,90384,782375,111,922,2566
2019-01-26 13:43:23,0,78431,4227896,111,923,0
2019-05-12 04:13:18,2,549129,33224323,112,505,20208
2019-05-12 04:13:07,1,549128,34455471,112,506,350
2018-12-02 07:28:17,0,323026,25501376,112,508,0
2019-04-27 16:09:42,-1,528553,18170720,112,1039,-1
2018-12-07 10:06:59,0,330326,87060933,112,1040,0
2019-05-12 04:14:04,1,549130,34073969,112,1041,100361
2019-03-03 15:39:13,0,452202,59300342,112,1042,0
2019-03-11 14:13:07,1,463601,46596553,112,1043,375422
2019-01-22 20:00:25,0,395539,27173655,112,1733,0
2019-02-23 18:49:21,0,441040,38453322,112,2269,0
2019-04-24 23:43:10,1,524718,8544813,112,2422,74877
2019-05-12 04:11:23,0,243253,621996826,113,586,0
2019-05-12 04:11:55,2,243253,621996826,113,1477,339
2019-05-12 04:12:01,0,243253,621996826,113,1478,0
2018-12-08 14:41:44,0,131938,2271967,113,1479,0
2019-05-11 13:45:29,0,242830,790148161,113,1480,0
2019-01-01 02:51:32,0,149579,190703132,113,1481,0
2019-04-07 12:40:29,0,218493,456287698,113,1482,0
2018-12-08 14:47:28,-1,132906,137892506,113,1483,-1
2019-03-16 05:26:08,0,202510,203123455,113,1484,0
2018-12-08 15:45:17,2,132932,133948585,113,1485,62679
2019-04-27 18:56:21,-1,1375294,282351143151,113,1486,-1
2019-04-27 14:45:11,3,232863,687747138,113,1487,226
2018-12-08 14:41:45,1,131937,2271967,113,1488,333
2019-05-12 04:10:45,0,243254,621996826,113,1721,0
2019-03-21 21:35:48,0,206560,186476455,113,2150,0
2019-03-10 04:16:31,-1,198181,123364558,113,2169,-1
2019-05-12 04:12:31,3,243254,621996826,113,2314,9060
2019-04-27 08:53:39,27,232682,520903783,113,2506,1181752
2019-04-27 00:14:45,0,232435,712223703,113,2585,0
2019-02-14 15:21:51,3,80867,44177588,114,1489,4805
2019-02-14 03:00:37,0,80499,46186046,114,1492,0
2019-02-17 15:58:22,0,83027,35247119,114,1493,0
2019-03-10 02:32:18,-1,97629,24989213,114,1494,-1
2019-02-17 05:23:05,2,82716,40064689,114,1496,40896
2019-01-16 20:19:03,0,60366,60148239,114,1497,0
2019-02-07 12:40:06,0,75760,21469158,114,1722,0
2019-04-17 10:06:28,0,124765,24242424,114,1830,0
2019-03-08 23:07:06,13,60861,104886023,115,588,78135
2019-04-26 02:14:31,0,295465,8249253,116,726,0
2019-02-03 09:06:41,3,237593,24915749,116,747,127195
2019-03-04 02:10:23,0,254239,8756595,116,808,0
2019-04-25 21:09:57,2,295335,12378312,116,1319,84386
2019-05-10 07:30:24,11,517931,1703288,117,590,13508
2019-03-11 18:46:47,5,106906,487794,118,591,2525
2019-03-14 05:39:18,1,107759,225901,118,875,37
2019-02-13 23:31:17,44,631809,354337111,120,418,359186
2019-03-05 06:41:30,2,658489,163215114,120,419,6115
2019-03-05 22:14:20,12,659440,47696681,120,421,754250
2019-05-07 19:57:08,1,746407,6932320,120,1315,22067
2019-05-01 20:42:10,6,738194,8629834,120,1316,93549
2019-04-28 07:35:57,1,733294,11260855,120,1317,233
2019-05-03 01:08:23,2,739793,7023964,120,1822,267
2019-02-23 17:03:50,-1,644520,64354528,120,1987,-1
2019-02-16 03:47:03,0,634584,243867154,120,2222,0
2019-05-03 01:08:48,2,739793,7023964,120,2259,9452
2019-01-09 20:16:32,1,151313,220806,121,594,173
2019-01-15 10:57:17,2,218400,40953796,125,597,85750
2019-02-03 03:47:12,0,235465,36277553,125,748,0
2019-04-07 18:00:28,3,289802,81845350,125,774,833487
2019-01-01 02:54:02,0,205665,67721476,125,807,0
2019-01-15 11:00:11,2,218401,43496689,125,1368,100561
2019-02-22 09:11:11,0,252299,123133646,125,1369,0
2019-04-07 18:03:05,0,289802,81845350,125,1370,0
2019-03-04 19:22:15,0,259965,104508690,125,1371,0
2019-05-12 04:13:15,6,273670,278746,126,598,2195
2019-03-03 02:23:32,0,214172,85542,126,1439,0
2019-05-10 21:55:13,0,272610,203325,126,1440,0
2019-01-14 00:38:08,0,970212,306696531,129,600,0
2018-12-18 12:10:56,0,99807,20677021,130,601,0
2018-12-18 12:11:10,1,99807,20677021,130,789,368
2019-04-30 21:58:22,108,254889,541567524,131,316,862508
2019-05-12 04:11:09,98,258804,437201106,131,317,90504
2019-02-14 18:31:58,19,228749,909891412,131,318,5177
2019-05-12 04:11:05,8,258805,457002597,131,319,16785
2019-05-12 04:11:37,4,258804,437201106,131,320,626
2019-05-12 04:10:35,0,258805,457002597,131,322,0
2019-05-12 04:10:51,6,258805,457002597,131,323,58757
2019-05-12 04:12:03,0,258805,457002597,131,324,0
2019-01-09 12:58:47,0,216000,854578250,131,325,0
2019-04-25 17:59:34,0,253083,440073842,131,327,0
2019-03-10 09:01:30,-1,236964,480610515,131,835,-1
2019-02-17 01:37:39,-1,229569,770765135,131,1408,-1
2019-04-26 14:41:46,0,253391,488221732,131,1409,0
2019-03-29 06:49:19,1,243546,453844939,131,1412,58
2019-04-30 00:21:36,1,254580,424771394,131,1413,18833
2019-04-30 18:57:43,7,254846,600136377,131,1414,70307
2019-05-01 09:48:29,0,255061,520681232,131,1415,0
2018-12-03 21:10:07,0,203015,1022376879,131,1590,0
2019-05-12 04:10:45,0,258805,457002597,131,1646,0
2019-02-18 00:13:53,0,228758,445787787,131,1710,0
2019-01-10 23:52:40,2,71541,62698145,131,1711,615
2019-01-15 11:01:03,0,218075,989307401,131,1772,0
2019-05-10 08:54:58,4,258173,334707223,131,1826,20319
2019-05-12 04:11:59,0,258805,457002597,131,1827,0
2019-05-12 04:11:14,0,258805,457002597,131,2230,0
2019-05-12 04:11:14,2,258805,457002597,131,2231,28281
2019-03-29 06:49:19,0,243546,453844939,131,2252,0
2019-04-25 05:01:06,0,252897,394465006,131,2261,0
2019-05-12 04:12:19,0,258805,457002597,131,2338,0
2019-05-12 04:10:41,0,258805,457002597,131,2365,0
2019-04-25 06:35:38,4,252918,472893219,131,2527,18813
2019-05-03 01:16:50,0,255636,412698068,131,2555,0
2019-04-26 18:08:12,18,1829892,11785798051,135,118,11526233
2019-04-25 05:57:55,0,1828788,3741160441,135,119,0
2019-05-12 04:08:53,24,1840950,15698085892,135,780,34276284
2019-05-12 04:09:42,0,1840950,15799531570,135,2671,0
2019-05-12 04:13:52,2,517049,7144737,136,605,83500
2019-05-12 04:14:04,3,174564,356000124,137,456,25667
2019-05-12 04:09:52,19,174562,322000151,137,457,33355
2018-12-04 12:19:45,0,61373,237048350,137,459,0
2018-12-07 01:47:05,0,63307,229000136,137,460,0
2019-01-22 14:31:14,0,96405,155000097,137,463,0
2019-05-12 04:10:58,0,174563,354000131,137,466,0
2019-05-08 09:40:07,2,171878,258000247,137,606,535
2019-05-12 04:09:56,12,174563,354000131,137,1292,892249
2018-12-17 00:32:15,4,70360,92800108,137,1293,49619
2019-02-24 23:45:27,0,120250,167000080,137,1693,0
2019-03-10 00:18:59,18,269928,559394676,137,1694,71475
2019-04-27 14:30:56,-1,164152,396000098,137,1695,-1
2019-04-02 22:09:37,0,146562,133000191,137,1696,0
2019-02-03 04:31:32,0,104665,121000125,137,1697,0
2019-04-26 16:34:50,2,163527,532000089,137,1844,7738
2019-05-12 04:10:11,0,174563,354000131,137,1921,0
2019-01-15 00:22:28,7,90985,189000091,137,1960,104494
2019-04-26 15:59:24,21,163505,474000098,137,1961,443459
2019-05-08 10:43:01,0,171918,304000075,137,2156,0
2019-04-28 07:51:21,0,164671,395000110,137,2172,0
2019-04-19 03:18:19,0,158049,105000103,137,2203,0
2019-03-25 19:54:52,0,277634,167534061,137,2317,0
2019-03-23 22:17:08,0,251000,33692335,137,2363,0
2019-04-27 12:02:31,0,375934,105000126,137,2378,0
2019-04-27 08:53:46,2,270472,337627655,137,2474,1935
2019-05-12 04:13:56,0,179662,2199176,137,2540,0
2019-04-18 13:58:52,0,157625,74200138,137,2566,0
2019-05-08 14:28:35,0,172031,368000138,137,2623,0
2019-03-08 14:06:05,1,144539,3779472,138,2329,212
2019-03-22 21:16:29,1,164497,1536837,138,2330,228
2019-03-03 06:33:22,1,137110,1802201,138,2331,8341
2019-03-07 10:24:48,1,143054,3143827,138,2355,53492
2019-03-13 19:16:39,0,151759,1161978,138,2367,0
2019-03-15 18:17:09,1,154574,3381379,138,2413,26579
2019-04-21 16:03:07,0,206571,471867,138,2430,0
2018-12-15 23:25:25,0,10,1612,141,610,0
2019-04-26 13:12:10,15,231498,647414595,142,800,197197
2019-05-12 04:13:51,24,242677,555392064,142,1295,177684
2019-05-12 04:12:24,3,242677,555392064,142,1296,8619
2018-12-30 06:32:42,0,147735,220430882,142,1297,0
2019-04-28 05:27:26,162,232698,612106363,142,1298,2914859
2019-04-28 02:24:15,-1,232608,642722554,142,1299,-1
2019-04-29 11:23:28,5,233584,508371450,142,1301,26718
2019-05-12 04:12:48,0,242677,555392064,142,1302,0
2018-12-03 21:14:14,0,128846,121126572,142,1564,0
2018-12-03 21:14:14,3,128846,121126572,142,1565,188303
2019-05-07 23:53:20,0,239684,495817327,142,1620,0
2018-12-08 17:10:27,4,132297,96556976,142,1621,200740
2019-03-15 14:15:55,0,201473,431098841,142,1699,0
2019-03-10 10:20:16,0,197780,455921052,142,1845,0
2019-04-24 20:56:39,-1,230301,708393808,142,1922,-1
2019-05-12 04:13:45,12,242677,555392064,142,2012,984086
2019-05-12 04:13:53,2,242677,555392064,142,2116,84905
2019-04-30 13:16:06,0,234360,606439562,142,2167,0
2019-02-10 15:36:37,0,178008,1073560758,142,2194,0
2019-04-26 13:42:06,-1,231507,536118837,142,2215,-1
2019-04-24 04:27:04,2,229797,504740173,142,2278,15577
2019-04-28 20:34:51,0,233150,694894264,142,2335,0
2019-04-28 22:24:33,0,233195,492428674,142,2347,0
2019-04-27 03:54:06,13,231933,660797611,142,2357,188306
2019-04-25 01:43:49,12,230432,504712043,142,2392,160384
2019-04-30 19:54:25,-1,234567,776388078,142,2393,-1
2019-05-12 04:12:39,11,242677,555392064,142,2519,330287
2019-04-25 05:29:58,7,431486,15726947,143,612,85667
2019-03-01 08:14:35,0,353498,35607845,143,2162,0
2019-02-28 12:19:04,3,352314,35646104,143,2163,5460
2019-01-28 18:02:54,0,299812,11527422,143,2166,0
2019-05-12 04:13:35,0,455726,54253684,143,2302,0
2019-04-24 05:55:32,8,430105,30261149,143,2303,186190
2019-03-02 02:13:41,0,354572,45766748,143,2304,0
2019-04-01 06:11:21,1,397531,34740112,143,2319,19892
2019-05-12 04:13:31,0,455726,54253684,143,2333,0
2019-03-16 07:50:22,1,374802,25810430,143,2334,18235
2019-03-16 07:50:00,1,374802,25810430,143,2391,18982
2019-04-28 23:08:32,4,436839,54240945,143,2414,40326
2019-04-27 16:49:49,0,435033,51395283,143,2590,0
2019-05-12 04:13:40,0,455726,54253684,143,2591,0
2019-04-25 11:05:06,64,17208,90112734,143,2592,1872543
2019-04-22 11:50:30,8,226565,1631912,144,613,15906
2019-02-23 11:41:24,0,994286,16131376,145,211,0
2019-03-06 04:33:45,0,1027543,106657378,145,212,0
2019-03-05 04:15:13,0,1027040,3507511,145,213,0
2019-03-05 06:14:26,0,1027108,5918570,145,214,0
2019-01-15 00:17:19,9,970787,158581076,145,215,3365
2019-01-14 00:35:40,0,970212,306696531,145,1888,0
2019-01-06 06:01:40,0,296303,559439787,145,2001,0
2019-02-25 15:06:21,1,279009,1428719,146,614,233
2019-05-01 16:21:20,2,402498,420468155,148,165,358054
2019-04-26 14:09:29,1,400852,336582973,148,166,163868
2019-04-28 13:24:09,2,401506,351366927,148,167,499984
2019-01-13 10:37:16,0,374080,370072552,148,1381,0
2019-01-03 00:19:41,0,371132,334291446,148,1903,0
2019-04-16 23:26:51,1,403264,3364242991,148,2525,432121
2019-02-28 10:26:57,2,168414,14056228,150,804,341468
2019-01-14 00:33:46,0,970212,306696531,150,1321,0
2019-01-30 10:08:49,0,149230,531878711,151,805,0
2019-01-07 04:40:35,0,133144,104655107,151,1346,0
2019-02-25 13:38:56,0,166244,34464203,151,1347,0
2019-02-28 03:25:10,2,167944,42345720,151,2306,490000
2019-03-19 20:47:29,5,303245,107107897,152,787,4771
2019-03-18 14:27:08,0,473655,50042443,152,843,0
2019-03-06 12:08:09,0,246923,43771296,152,849,0
2019-01-22 12:11:18,0,147287,5731856,152,1268,0
2019-05-12 04:14:04,3,447645,73788,153,620,1011
2019-01-21 13:57:32,2,292821,1315342,153,1698,2158
2019-05-12 04:11:25,2,298582,156904763,154,177,150138
2019-05-12 04:11:25,2,298583,156904763,154,179,606536
2019-02-03 08:53:04,0,205618,563579357,154,180,0
2019-05-12 04:11:30,2,298582,156904763,154,621,150138
2019-02-02 13:27:59,0,194207,7659106,155,495,0
2019-01-28 01:29:18,3,190299,44678672,155,496,726
2019-01-04 23:37:15,0,175920,65495889,155,498,0
2019-03-08 22:21:38,4,295446,170288271,155,499,7270
2019-01-28 01:30:06,3,190299,44678672,155,622,768
2019-01-19 13:54:21,0,184541,57247763,155,1151,0
2018-12-03 21:17:17,0,153872,51784887,155,1548,0
2019-01-20 11:12:49,0,185175,51673579,155,1604,0
2019-04-09 23:39:38,1,523374,310671,156,1528,221
2019-05-07 22:05:44,3,576292,67336,156,1529,1019
2019-03-25 15:55:58,1,494438,659766,156,1659,1167
2018-12-30 15:15:02,0,333272,1368096,156,1672,0
2019-05-08 11:54:08,2,577342,85703,156,1673,190
2019-03-25 15:56:00,1,494438,659766,156,1792,1167
2019-05-11 14:28:53,1,583297,308562,156,1802,68
2019-02-02 18:18:33,0,398450,612559,156,1872,0
2019-04-25 08:27:18,2,439304,2547141549,157,218,823
2019-05-12 04:12:27,0,463610,2910745559,157,219,0
2019-05-12 04:11:37,0,463610,2910745559,157,221,0
2019-05-09 23:25:57,2,460485,3183089372,157,223,862
2019-05-12 04:11:26,0,463611,2910745559,157,224,0
2019-05-07 16:40:31,36,457097,2633231966,157,225,13813672
2019-05-12 04:11:47,0,463610,2910745559,157,623,0
2019-04-26 16:34:14,-1,441269,2614286547,157,865,-1
2019-04-25 10:29:35,-1,439428,2549575499,157,1133,-1
2018-12-26 08:45:25,0,265731,2012665550,157,1134,0
2019-04-25 09:23:19,24,439356,2532253285,157,1136,104781
2019-05-12 04:11:28,0,463611,2910745559,157,1751,0
2019-02-13 06:50:42,0,336421,1876943748,157,1752,0
2019-03-27 21:25:00,0,398028,2194273316,157,2107,0
2019-05-12 04:12:59,27,463610,2910745559,157,2373,13691710
2019-03-25 22:09:55,0,242369,440041849,158,425,0
2019-04-29 11:47:50,1,1818579,298521256,158,427,296
2019-05-07 22:21:15,1,396297,4015,158,428,81
2019-02-25 03:40:15,0,267247,1730,158,1188,0
2018-12-03 21:03:57,0,192001,471519,158,1552,0
2018-12-09 19:49:40,0,199656,1715538,158,1608,0
2019-01-01 02:49:34,5,138602,344289,164,809,2971
2019-01-31 14:51:26,8,336281,113857050,168,630,323610
2019-01-29 06:27:26,0,334061,293821478,168,757,0
2019-05-12 04:14:03,6,433813,25279612582,168,1770,500
2019-04-27 03:33:29,0,418315,688868102,168,1771,0
2019-04-08 15:14:12,2,399931,235263709,168,2312,107747
2019-05-10 06:58:18,8,356766,14358824924,168,2668,2379619
2019-01-22 10:48:10,4,136381,4187532,169,631,13265
2019-02-13 12:55:26,0,151426,246257,169,725,0
2018-12-02 07:25:42,0,99642,4765108,169,821,0
2019-01-01 11:02:01,0,167306,260000000,169,1443,0
2019-04-07 03:06:57,2,189166,1179446,169,1714,3833
2019-05-07 03:10:59,1,14544,1684051,169,2611,113
2019-04-29 11:38:41,0,10037,1007512,169,2612,0
2019-05-07 03:31:36,0,469100,1370000,171,632,0
2019-05-12 04:10:12,3,473668,638000,171,2326,8963
2019-05-12 04:11:05,1,473668,638000,171,2327,504
2019-03-03 06:33:09,0,401299,2210000,171,2328,0
2019-03-23 15:27:51,0,421760,116000,171,2425,0
2019-01-03 04:50:19,6,116593,12372370,172,500,17115
2019-04-06 09:22:55,2,58413,416824,172,501,3984
2019-01-16 16:22:33,0,26087,3655426,172,702,0
2019-03-18 17:46:21,2,48830,1331759,172,1907,16301
2019-02-06 15:09:45,2,39902,2940121,172,2005,10784
2019-02-25 10:49:48,0,154464,9608046,173,876,0
2019-05-12 04:10:37,6,208011,5317235,173,877,54650
2019-01-27 19:45:42,0,134019,14869531,173,917,0
2019-03-22 21:01:38,0,172638,25180557,173,918,0
2019-01-18 21:59:17,6,43754,61816728,174,750,4488
2019-03-01 09:39:38,3,63720,227099150,175,635,18618
2019-03-05 01:28:44,2,64394,576938,175,812,2261
2019-03-01 09:41:44,33,63720,229100572,175,1419,494586
2018-12-03 21:14:17,1,38581,601655448,175,1591,22806
2018-12-03 21:14:17,0,38581,601655448,175,1592,0
2019-01-08 08:38:26,0,48745,173433490,175,1647,0
2019-01-16 21:00:33,0,51198,236261061,175,1648,0
2019-02-28 04:44:43,0,63367,196904430,175,2217,0
2019-03-01 09:41:41,0,63720,229100572,175,2292,0
2019-03-09 18:55:03,5,829613,985195,175,2305,9953
2019-04-26 07:57:37,23,15932,440575241,175,2364,1090482
2019-04-26 19:33:34,23,16064,401395220,175,2397,1011316
2019-05-06 19:31:53,0,18674,285240573,175,2516,0
2019-04-26 13:58:51,0,15998,356507324,175,2556,0
2019-05-12 04:13:51,1,431433,2106137,176,636,6346
2019-05-12 04:13:08,4,431433,2106137,176,1421,6469
2019-01-01 12:56:17,0,246692,1707954,176,1422,0
2019-01-03 20:42:47,1,249657,6711,176,1423,139
2019-03-06 07:39:20,2,338097,48351665,176,1425,238
2019-01-20 00:42:59,-1,274893,249091830,176,1426,-1
2018-12-04 15:45:50,2,198006,198142962,176,1427,31121
2019-01-01 12:56:17,0,246692,1707954,176,1428,0
2019-05-12 04:13:11,0,431433,2106137,176,1429,0
2019-04-26 12:45:55,0,409497,2561076,176,1430,0
2019-04-25 07:03:17,6,407800,2623314,176,1431,10840
2019-04-28 18:41:57,0,412650,2068007,176,1432,0
2019-01-03 20:42:47,0,249656,7514,176,1434,0
2019-01-01 05:19:53,0,246246,1092827,176,1435,0
2019-03-05 13:27:38,2,337021,42910641,176,1436,1245
2018-12-03 21:17:21,0,196919,216983312,176,1593,0
2019-01-03 20:43:07,0,249657,7514,176,1649,0
2019-01-03 20:43:18,0,249657,6711,176,1712,0
2019-01-03 20:43:17,2,66425,67582191,176,1713,1806
2019-02-12 12:45:53,6,307723,190614657,176,1773,7736
2019-02-03 08:34:11,0,280734,11175084,176,1927,0
2019-03-21 06:13:32,-1,358675,22925793,176,1996,-1
2019-03-21 18:18:33,0,359381,24698730,176,2101,0
2019-02-23 18:43:56,0,323292,84688777,176,2232,0
2019-05-12 04:12:44,84,341883,194454437,178,484,68881
2019-04-28 18:23:11,9,332250,299577047,178,485,3842
2019-04-02 08:31:13,0,313195,194848015,178,486,0
2019-02-25 13:38:55,0,287387,121412257,178,487,0
2019-05-12 04:12:30,3,341883,194433003,178,489,157
2019-05-12 04:13:04,7,341883,194427580,178,490,1402
2019-04-29 17:03:04,15,332904,200347404,178,492,3772
2019-05-12 04:11:30,3,341883,194423278,178,493,792
2019-05-12 04:13:53,1,341884,196926578,178,920,94
2019-02-03 07:25:55,14,263365,513441545,178,1175,7122
2019-02-06 16:39:03,2,268189,466152816,178,1177,10530
2019-01-08 14:22:32,1,226476,208131723,178,1179,74
2018-12-30 10:36:05,0,213267,193301917,178,1180,0
2019-03-03 17:41:59,-1,291834,128797964,178,1181,-1
2019-05-02 22:06:16,109,335227,227616360,178,1182,562150
2019-04-25 12:10:35,34,329880,202540738,178,1183,287248
2019-05-02 06:18:05,1,334760,266369790,178,1184,115
2019-04-25 21:55:49,-1,330183,246336374,178,1185,-1
2019-03-24 23:57:31,0,307179,207823164,178,1186,0
2019-05-12 04:12:58,36,341883,194455403,178,1187,178756
2019-05-09 21:45:27,5,340266,257955819,178,1755,352
2019-01-27 21:12:06,1,254219,496919748,178,1756,45
2019-01-27 21:12:08,1,254219,496906661,178,1757,41
2018-12-24 20:47:11,0,205219,172063668,178,1758,0
2019-01-26 09:14:30,0,252104,549945146,178,1853,0
2019-04-25 05:52:59,1,329704,252596245,178,1934,699
2019-04-25 18:18:40,28,330062,197382399,178,2020,15030
2019-05-12 04:11:12,3,341883,194454464,178,2127,2580
2019-05-12 04:12:14,18,341883,194354327,178,2240,6783
2019-04-14 03:03:19,1,321678,189656136,178,2241,3846
2019-05-03 01:19:14,0,335325,246414524,178,2267,0
2019-04-26 03:35:21,0,330347,223285677,178,2283,0
2019-04-23 10:51:00,0,328415,259280671,178,2293,0
2019-03-16 13:01:51,0,1791945,30133779065,178,2358,0
2019-05-12 04:12:57,20,341883,194454827,178,2384,702046
2019-04-02 08:31:00,0,313195,194848015,178,2404,0
2019-04-25 05:19:49,1,329693,286882770,178,2405,826
2019-03-24 23:56:46,0,307179,207823164,178,2406,0
2019-04-26 03:35:21,0,330347,223285677,178,2408,0
2019-04-14 03:08:23,1,321682,187875700,178,2502,6364
2019-05-09 10:11:10,0,339929,301039979,178,2661,0
2019-05-07 08:11:50,2,200671,919488577,179,638,18726
2018-12-02 05:35:30,0,91212,278733908,179,815,0
2019-05-12 04:11:41,1,204153,928804018,179,1217,1350
2019-05-12 04:12:31,12,204153,928804018,179,1218,282540
2018-12-04 00:39:43,0,92581,526133700,179,1219,0
2019-05-12 04:11:50,0,204153,928804018,179,1221,0
2019-02-06 07:58:57,0,138045,535421207,179,1222,0
2019-05-12 04:12:07,24,204153,928804018,179,1223,446375
2019-02-06 21:34:35,0,138431,519236273,179,1224,0
2019-05-12 04:11:57,0,204153,928804018,179,1225,0
2019-03-07 18:06:27,0,158948,713741047,179,1671,0
2019-01-25 14:40:16,0,130005,246473573,179,1783,0
2019-04-14 01:27:59,0,183794,425657815,179,1841,0
2019-04-09 11:50:00,3,284799,224660755,179,1972,15162
2019-04-28 14:09:16,-1,194439,989945632,179,2243,-1
2019-05-08 12:09:14,0,201481,838598392,179,2244,0
2019-04-24 03:23:17,0,191108,637865992,179,2375,0
2019-05-12 04:10:48,1,204153,928804018,179,2529,18313
2019-04-20 17:46:23,8,253561,26357491006,179,2561,1786956
2019-04-25 11:05:08,64,17208,90112734,179,2601,1872718
2019-05-07 10:56:12,11,200713,842167453,179,2602,1578848
2019-05-12 04:13:19,15,17842,378663858,179,2636,331077
2019-05-12 04:13:21,1,17656,757412286,179,2637,26888
2019-04-28 13:53:22,10,255901,3065271,180,703,30330
2019-05-12 04:13:53,2,268982,50694718,180,765,11670
2019-05-06 21:38:40,3,263916,23606818,180,1247,13887
2019-02-07 22:40:06,0,179949,8172181,180,1248,0
2019-05-08 12:38:00,0,265465,22437583,180,1249,0
2019-05-12 04:10:21,0,334982,4822240,180,1613,0
2019-02-02 11:37:58,1,174736,8387646,180,1675,25833
2018-12-29 00:55:25,2,140876,11877073,180,1859,15910
2019-05-12 04:12:18,1,268981,49471713,180,1912,725
2019-05-11 13:11:39,1,268371,42404587,180,2534,6228
2019-01-05 14:35:14,0,79871,1126449384,181,1878,0
2019-01-05 14:35:19,2,79871,1126449384,181,1901,13369
2019-01-05 14:35:24,1,79871,1126449384,181,1919,1276
2019-01-05 14:35:29,3,79871,1126449384,181,1947,32440
2019-04-29 16:36:17,0,454371,2352503,181,1948,0
2018-12-15 23:34:19,0,181636,1,185,816,0
2019-02-28 06:48:49,1,587348,5331888,187,797,593
2018-12-07 10:32:04,22,349640,18163011,187,811,454904
2019-01-31 02:19:27,0,506581,12586923,187,1285,0
2018-12-05 06:05:00,0,331754,34490834,187,1286,0
2019-02-25 13:38:56,0,579563,10165558,187,1287,0
2018-12-03 21:17:18,3,339499,31823208,187,1561,10052
2019-04-21 06:09:32,0,736270,5614364,187,1617,0
2019-04-30 17:16:05,2,762962,1200289,187,1791,29723
2019-03-22 22:37:35,4,652364,6883443,187,2115,174702
2018-12-10 21:44:10,14,75811,11174151,188,645,23099
2018-12-13 05:49:48,1,77086,823206,188,1289,6750
2019-01-05 09:00:52,15,249385,945853,188,1290,169201
2018-12-12 19:21:48,1,76988,278858,188,1291,3290
2018-12-03 21:14:14,0,70777,8379143,188,1562,0
2018-12-06 09:50:55,0,72582,7474226,188,1618,0
2019-01-15 00:12:54,6,2368403,16218072,189,646,216188
2019-04-26 18:02:21,1,2507186,55282303,189,2432,265000
2019-04-09 21:56:08,3,2483637,74603364,189,2433,1006014
2019-05-08 12:37:36,0,2524564,244590896,189,2495,0
2019-04-03 14:09:12,2,140125,1829670788,189,2526,39500
2019-05-12 04:13:24,4,382869,915051,189,2670,26724
2019-01-15 00:12:54,4,2368404,16218072,190,647,75608
2019-01-22 10:48:12,4,230415,766112,191,649,1406
2019-01-23 11:21:02,1,231875,673968,191,763,488
2019-04-25 02:39:17,0,531035,879490027,191,790,0
2018-12-30 21:30:53,0,198267,5746464,191,817,0
2019-01-22 08:04:59,6,230256,908283,191,852,2364
2018-12-01 11:59:22,2,153307,263957,191,926,43
2019-02-03 13:07:05,4,247744,1069030,191,1402,862
2019-03-18 18:13:06,1,309285,0,191,1403,172
2019-01-15 11:00:17,0,220474,1719238,191,1404,0
2018-12-01 14:28:08,2,156090,793879,191,1405,14440
2019-02-16 22:51:13,1,265011,2027,191,1406,27
2019-03-18 18:12:24,0,309284,1,191,1407,0
2018-12-03 21:17:20,0,159567,10719993,191,1589,0
2019-01-31 03:11:56,1,232771,597113,191,1645,650
2019-03-26 06:17:56,0,277866,381274937,191,1709,0
2019-05-12 04:10:20,20,444322,116052244,193,650,803714
2019-01-21 08:18:26,6,133630,39840001,195,651,53837
2019-05-12 04:13:18,0,180208,4289279,197,653,0
2019-05-12 04:10:31,3,180207,4266532,197,2434,13214
2019-05-12 04:10:49,1,180207,4266532,197,2436,2795
2019-05-09 03:23:35,7,639427,2038999,198,655,58217
2019-04-26 10:36:59,9,181460,6925824,199,656,4231
2019-04-15 00:10:56,-1,173666,16809857,199,1052,-1
2019-04-08 15:04:32,0,5927,2397556,199,1053,0
2019-03-22 22:37:49,1,157215,16849753,199,1054,20
2019-05-12 04:11:48,0,192217,8011916,199,1536,0
2019-05-12 04:11:09,5,192217,8011916,199,1537,55113
2019-05-12 04:11:22,0,192217,8011916,199,1538,0
2019-05-07 09:26:25,4,146989,22144435,199,1660,6012
2019-04-29 22:33:34,0,183778,3407902,199,1661,0
2019-03-16 06:51:30,0,152466,12489851,199,1734,0
2019-05-12 04:11:10,1,192217,8011916,199,1735,3034
2019-05-12 04:12:10,3,192217,8011916,199,1736,768
2019-02-02 14:38:13,0,123316,118850286,199,1889,0
2019-05-12 04:12:11,0,192217,8011916,199,2576,0
2019-01-30 16:16:16,4,188015,17921695,200,878,394121
2019-04-26 18:49:18,1,388844,37610,201,840,198
2019-02-21 16:39:23,1,1057725,3315241,206,838,63595
2019-01-21 15:58:50,1,1088450,1,206,1391,5
2019-01-01 21:47:09,0,92309,13072936111,212,722,0
2019-05-12 04:12:52,20,183059,538667747,212,858,259647
2019-03-23 01:54:30,2,147050,582775287,212,1166,240
2019-05-08 12:51:25,58,180445,386145071,212,1167,247745
2019-05-12 04:12:52,20,183059,538667747,212,1168,259647
2018-12-15 23:29:34,0,61659,2546709849,212,1169,0
2019-04-26 07:43:32,0,171659,439987788,212,1170,0
2019-03-29 07:22:08,1,151522,581633155,212,1171,8150
2019-05-12 04:12:52,20,183059,538667747,212,1172,259647
2019-05-12 04:12:23,4,183059,538667747,212,1173,4144
2019-01-05 03:46:58,0,92220,284091256,212,1944,0
2019-05-12 04:13:09,9,183059,538667747,212,1945,730
2019-02-02 14:38:20,0,112247,421526300,212,1946,0
2019-04-28 07:51:21,0,173103,461442435,212,2104,0
2019-05-10 22:24:47,0,182170,526686416,212,2235,0
2019-04-25 08:04:00,-1,2124115,6868704,213,914,-1
2019-04-28 03:39:39,-1,2141155,7044645,213,984,-1
2019-01-03 13:12:15,-1,1449421,16262126,213,985,-1
2019-02-05 14:45:44,-1,1648996,12680648,213,986,-1
2019-02-28 12:35:23,-1,1787222,12370399,213,987,-1
2019-04-28 13:53:32,-1,2143740,8277150,213,988,-1
2019-04-16 19:03:50,-1,2025853,114854,213,989,-1
2019-04-28 10:51:11,-1,2142980,7883955,213,990,-1
2019-04-19 04:10:40,-1,2086985,13477098,213,991,-1
2019-02-13 23:15:16,-1,1699376,12606666,213,992,-1
2019-03-06 20:35:23,-1,1821452,22984632,213,1834,-1
2019-02-16 18:20:09,-1,1716222,14713376,213,1835,-1
2019-01-01 17:13:22,-1,1438469,26258480,213,1867,-1
2019-04-28 19:46:40,-1,2145218,8455084,213,1929,-1
2019-05-01 15:05:36,-1,2162071,7554143,213,2103,-1
2019-04-27 01:26:57,-1,2134589,6812493,213,2152,-1
2019-04-30 00:15:31,-1,2152305,6539181,213,2171,-1
2019-05-07 12:51:44,-1,2197766,9797827,213,2370,-1
2019-04-27 03:08:59,1,323952,705511,214,718,9698
2019-05-12 04:13:03,1,334687,604473,214,1774,958
2019-05-12 04:14:06,0,334689,626946,214,1775,0
2019-01-15 19:43:19,0,251608,1676575569,214,1776,0
2019-04-25 05:58:23,0,1828788,3741160441,215,741,0
2019-02-25 13:38:55,0,56876,116263311,216,872,0
2019-04-28 04:05:50,8,78382,20973640,216,1814,26034
2019-05-12 04:08:27,1,83323,9980897,216,1815,502
2019-04-21 23:52:35,0,76223,40011779,216,1816,0
2019-05-02 12:24:43,0,79918,23228318,216,1817,0
2019-05-07 21:35:38,5,81818,24830804,216,1818,23064
2019-03-22 21:17:11,0,65689,56206608,216,1819,0
2019-03-15 14:14:28,0,63176,239278673,216,1820,0
2019-01-18 11:39:36,0,43607,76077506,216,1863,0
2019-03-16 06:51:28,0,63418,279835373,216,2157,0
2019-05-12 04:07:57,0,83323,9980897,216,2173,0
2019-05-12 04:10:39,3,678855,9232075,217,873,3359
2019-04-27 10:40:17,2,636834,12164641,217,977,138020
2019-05-12 04:10:25,11,678855,9232075,217,978,188052
2019-01-09 23:20:05,0,333738,33275762,217,979,0
2019-01-09 23:26:33,0,333755,44350495,217,980,0
2018-12-16 16:14:45,0,265738,2069637,217,981,0
2019-02-03 09:06:59,0,401375,60798510,217,982,0
2019-03-24 09:43:51,1,539149,9747486,217,983,483
2019-02-05 11:35:47,0,407228,107383706,217,2036,0
2019-03-23 15:45:36,0,535143,290563,217,2151,0
2019-02-11 22:22:33,0,425511,87139866,217,2191,0
2019-05-12 04:12:49,2,678856,8935051,217,2461,16835
2019-04-28 20:34:20,9,640866,17541200,217,2469,65666
2019-05-02 11:38:07,1,651179,12301785,217,2500,1147
2019-05-12 04:13:40,2,678858,7972475,217,2606,5738
2019-02-02 07:59:35,4,137930,11685931,218,880,41909
2019-05-12 04:12:18,3,165812,28669715,219,882,23901
2019-05-12 04:12:51,0,165812,28669715,219,1810,0
2019-01-13 10:52:43,0,80891,34626299,219,1811,0
2019-02-24 17:08:54,5,111254,44930150,219,1812,6707
2019-01-18 11:39:36,0,84491,37681604,219,1861,0
2019-05-12 04:12:17,0,165812,28669715,219,1862,0
2019-02-23 06:59:55,12,110205,19943280,219,1920,54881
2019-04-03 14:14:22,1,138184,24828287,219,2046,975
2019-05-12 04:12:38,7,165812,28669715,219,2188,25079
2019-05-07 17:16:51,3,162649,47000926,219,2214,41373
2019-05-12 04:13:32,1,165813,26169478,219,2343,2907
2019-04-25 20:59:40,0,154174,79501584,219,2498,0
2019-05-12 04:12:18,3,155201,20608604,219,2539,16233
2019-05-08 14:53:26,5,266423,35606911607,219,2548,195121
2019-04-29 04:24:14,2,156547,78147469,219,2549,10350
2019-04-25 11:05:08,64,17208,90112734,219,2595,1872543
2018-12-13 19:55:34,0,57440,14595,220,916,0
2019-02-06 15:12:06,4,90002,47375620,221,884,4028
2019-02-18 07:58:34,4,98342,8555010,221,885,9600
2019-02-23 17:25:21,2,101328,185855,221,886,1192
2018-12-13 07:04:11,0,51657,32563325,221,1046,0
2019-05-12 04:09:56,3,152941,3065758,221,1047,18506
2019-02-06 15:12:26,0,90002,47375620,221,1048,0
2019-03-26 12:13:39,0,277985,321977660,221,1049,0
2019-02-06 16:51:34,0,90043,37154594,221,1050,0
2019-02-25 13:38:55,1,103510,4909673,221,1051,217
2019-05-03 01:16:35,1,146532,586543,221,2039,641
2019-05-02 10:25:03,3,329995,305485265,222,887,17189
2019-03-13 08:42:55,27,258315,21462906,222,1194,66922
2018-12-15 23:26:26,0,100004,68657330,222,1195,0
2019-04-26 22:32:56,2,322147,389641422,222,1196,7868
2019-02-02 14:36:25,0,202839,42245832,222,1197,0
2019-05-12 04:13:28,6,343911,320301858,222,1198,175986
2019-05-02 23:20:01,0,330004,224118279,222,1199,0
2019-05-02 23:20:21,2,330004,224118279,222,1200,7112
2019-03-11 18:10:56,1,256034,33635879,222,1201,20251
2018-12-02 06:19:36,0,113552,55978145,222,1555,0
2019-04-26 05:30:11,0,321132,425090201,222,1611,0
2019-02-17 19:33:09,0,224615,36796556,222,1668,0
2019-05-12 04:13:43,0,343912,305398984,222,1908,0
2019-03-04 21:42:29,0,246220,35493425,222,2193,0
2019-04-23 16:27:25,0,317100,304191009,222,2286,0
2019-04-25 07:10:59,25,83163,1604337460,222,2616,1232649
2019-04-24 19:56:19,0,319108,274821912,222,2617,0
2019-05-07 01:03:34,58,41957,97088793,222,2635,1768900
2019-02-25 13:38:56,4,512085,13525872,223,888,1050833
2019-02-03 08:56:23,2,438328,8863963,223,889,364327
2019-05-01 14:28:57,16,719148,29511059,223,2460,4147107
2019-01-10 07:49:21,1,66513,10241974,224,890,1162
2019-04-28 20:32:15,1,160800,13146213,224,1035,2979
2019-03-22 21:17:33,3,113460,14614355,224,1037,19950
2019-01-10 04:19:04,0,66511,10105125,224,1038,0
2019-05-12 04:13:29,5,180010,13248814,224,1732,58075
2019-04-28 20:31:34,1,160800,13146213,224,2047,2979
2019-02-26 06:26:16,0,98050,4824934,224,2192,0
2019-04-03 14:16:27,0,125249,7218018,224,2507,0
2019-04-28 09:29:06,9,161309,14340277,224,2553,197972
2019-04-28 09:29:44,9,161311,14344400,224,2608,205761
2019-02-14 10:29:22,7,414733,29589,226,893,1064
2019-01-26 20:11:09,1,90381,2701191903,227,896,2207023
2019-02-15 09:03:47,10,216361,5728263,228,897,58091
2019-03-08 13:15:40,11,50588,4472356,229,901,21545
2019-04-18 09:15:48,0,65153,7119661,229,919,0
2019-01-26 12:17:49,6,236217,348727,229,1109,10791
2018-12-11 19:58:31,0,19561,122035929,229,1110,0
2019-02-06 00:03:02,0,39664,29191381,229,1111,0
2019-02-25 12:13:45,6,46653,13285997,229,1112,13431
2019-02-02 13:12:45,9,667601,2581735239,229,1114,4730248
2019-02-13 11:22:18,0,42344,22916662,229,1115,0
2018-12-22 07:27:06,0,23306,80338090,229,1116,0
2018-12-18 09:09:57,0,21901,95382435,229,1542,0
2019-02-07 12:40:12,2,40191,14175665,229,1745,3007
2019-05-10 12:32:04,1,72925,265115,229,2124,1236
2019-01-21 07:23:07,6,133574,38147288,231,903,61786
2019-05-07 10:58:14,10,284944,252158719,231,1226,448953
2019-03-03 03:46:22,0,191404,232900747,231,1227,0
2019-02-06 15:18:57,4,157043,56140652,231,1871,2953
2019-05-12 04:13:47,0,291735,323763211,231,2010,0
2019-05-08 14:28:32,1,286592,226826221,231,2201,13819
2019-02-26 06:26:16,0,184995,87118823,231,2245,0
2019-02-26 06:26:18,0,184995,87118823,231,2246,0
2019-04-09 14:12:33,0,245289,120806726,231,2287,0
2019-04-24 02:29:22,4,265767,203319504,231,2472,4335
2019-05-07 06:41:54,0,284682,235764870,231,2530,0
2019-05-03 01:16:48,0,278642,173504581,231,2531,0
2019-05-08 13:01:14,1,148961,15519214,231,2640,11365
2018-12-06 00:05:43,1,64712,296,232,910,3049
2018-12-06 09:52:17,7,33616,9771027,233,908,99245
2019-01-19 15:54:02,6,64664,4081119,233,909,26246
2019-02-11 18:13:04,0,80000,1827381,233,1778,0
2019-05-12 04:12:24,0,143557,141146133,234,905,0
2019-05-12 04:13:16,3,143557,141146133,234,906,310854
2019-04-20 04:35:16,0,128366,715902601,234,1348,0
2018-12-03 05:35:34,0,33637,205653227,234,1349,0
2019-05-07 13:59:10,1,140379,162314679,234,1350,509167
2019-05-02 08:51:15,4,136777,224666301,234,2148,1703930
2019-02-22 19:59:56,17,86805,1875919,235,904,15934
2018-12-03 21:17:15,7,32470,21747187,235,1544,18199
2018-12-03 21:17:17,8,32470,21747187,235,1545,46928
2019-01-17 02:36:24,0,64124,7285230,235,1600,0
2019-03-11 01:13:30,1,94977,35975062,235,1601,161667
2019-02-08 00:01:04,0,76375,2175692,235,1602,0
2019-02-23 22:03:28,0,87107,295590,235,1964,0
2019-03-06 09:04:50,9,8582,24832858,235,2291,70415
2019-02-27 10:43:14,2,3681,48636477,235,2310,27071
2019-03-09 06:01:26,1,10625,34932593,235,2348,4268
2019-05-12 04:11:05,0,55796,111960548,235,2369,0
2019-03-16 14:12:18,0,15819,31426735,235,2381,0
2019-04-19 02:51:46,1,115708,21437496,235,2545,6083
2019-05-08 11:45:00,2,266328,34931194936,235,2569,86048
2019-04-25 11:05:06,64,17208,90112734,235,2593,1872551
2019-05-10 04:10:14,2,16228,846822087,235,2627,12453
2019-05-12 04:09:36,0,268970,42090571422,235,2628,0
2019-04-18 10:40:19,3,125482,17277050,236,911,4834
2019-04-15 00:50:07,3,123087,21350746,236,2072,3402
2019-02-07 12:43:24,0,75763,20688622,236,2073,0
2019-04-29 21:07:34,2,132858,1826123,236,2074,2707
2019-03-10 09:48:09,-1,97853,31942428,236,2075,-1
2019-04-29 18:32:00,0,132764,607457,236,2076,0
2019-01-16 20:13:13,0,60364,59037001,236,2077,0
2019-04-24 22:44:08,19,1435988,8131672571,236,2078,1379941
2019-04-17 10:06:27,0,124765,24242424,236,2079,0
2019-02-17 12:13:27,-1,110754,1105404432,237,912,-1
2019-02-22 06:58:49,47,114203,1186638438,237,1950,1186231
2019-04-28 03:21:29,56,160908,2004699108,237,1951,440691
2019-03-21 13:56:41,0,133806,913365614,237,1952,0
2019-01-06 05:46:30,0,63024,487773418,237,1953,0
2019-04-28 16:43:56,5,161306,1974029798,237,1954,549800
2019-05-06 19:56:28,5,166342,15754057730,237,1955,24917
2019-04-29 18:29:15,0,162089,2200218804,237,1956,0
2019-02-02 14:38:20,0,100001,720874833,237,1957,0
2019-04-29 01:52:44,249,161584,1989507753,237,1958,9796887
2019-04-28 18:03:43,12,161347,1933355666,237,1959,1884524
2019-04-29 17:21:17,1,162043,1785527077,237,2219,76566
2019-04-24 20:33:07,-1,158524,1551789420,237,2220,-1
2019-02-26 06:26:18,0,117028,695871642,237,2248,0
2019-04-29 18:33:16,1,162092,2198446820,237,2266,4361
2019-04-25 18:38:35,0,159187,1485452266,237,2350,0
2019-04-30 08:09:06,10,162605,17535805767,237,2360,48357
2019-03-21 14:02:21,0,133809,899384190,237,2402,0
2019-04-29 18:03:00,1,162068,1893758390,237,2419,240
2019-03-31 04:11:25,0,140711,835452939,237,2438,0
2019-05-06 20:55:08,1,167290,12482103537,237,2659,1063
2019-05-01 04:45:18,-1,427924,194548469,238,913,-1
2019-05-12 04:13:08,8,435470,146399542,238,2083,3571
2019-04-29 11:29:26,-1,426737,253086682,238,2084,-1
2019-04-28 11:27:49,-1,426060,223995669,238,2085,-1
2019-02-10 15:12:26,0,372571,507011797,238,2086,0
2019-05-12 04:12:42,11,435470,146399542,238,2087,26204
2019-03-08 13:26:25,-1,390958,874137190,238,2088,-1
2019-05-12 04:12:48,0,435471,148699381,238,2089,0
2019-05-12 04:12:05,-1,435470,146399542,238,2090,-1
2019-04-30 06:52:05,1,427292,221774113,238,2091,585
2019-04-25 11:51:39,0,423981,223718240,238,2093,0
2019-04-30 01:02:16,1,427121,210364537,238,2094,215
2019-05-12 04:12:25,0,435471,148699424,238,2096,0
2019-01-26 20:11:12,1,90381,2701191903,240,925,2207023
2019-02-01 22:42:34,0,99158,1605865896,240,930,0
2018-12-02 03:17:08,0,48207,567866074,240,1394,0
2019-01-21 08:55:26,0,82492,1813906952,240,1395,0
2019-01-13 22:46:23,0,71826,2441827471,240,1396,0
2019-02-14 15:05:25,0,103016,36039019,240,1397,0
2019-02-04 15:06:24,0,102961,497915144,240,1641,0
2019-01-07 04:22:37,0,60297,1898639734,240,1642,0
2019-01-19 14:02:05,0,79907,1409656291,240,1643,0
2019-02-23 20:37:11,0,103019,27491273,240,1644,0
2019-01-31 18:51:29,0,97489,1701027076,240,1706,0
2019-01-03 00:16:22,0,56100,2707127544,240,1846,0
2019-02-02 17:51:14,1,100244,375096777,240,2031,152828
2019-03-10 18:43:08,0,270298,420035862,240,2100,0
2019-03-04 08:43:57,1,115455,100000,242,929,168
2019-03-13 00:25:42,4,674908,4116,243,931,77
2019-02-20 10:59:57,0,555621,112983035,243,1307,0
2019-02-18 00:47:53,0,541847,111398659,243,1308,0
2018-12-03 21:17:18,18,103648,83344857,243,1566,742581
2018-12-03 21:17:18,0,103648,83443082,243,1567,0
2018-12-03 21:17:19,0,103648,83344857,243,1568,0
2018-12-03 21:17:19,3,103648,83443082,243,1569,77921
2018-12-03 21:17:19,0,103648,83443082,243,1572,0
2019-02-20 10:18:39,19,555569,116992221,243,1622,1317603
2018-12-05 16:24:17,0,114034,90011070,243,1623,0
2018-12-12 05:53:20,0,151647,62720060,243,1624,0
2018-12-17 06:33:18,6,180690,84406463,243,1625,120876
2019-01-11 09:00:29,0,324991,70631451,243,1626,0
2018-12-05 06:59:25,0,111732,81863437,243,1628,0
2019-05-07 13:54:49,4,745053,4209992,244,1523,1108
2019-05-08 18:19:16,2,746668,2938077,244,1524,2497
2019-02-04 16:23:19,1,613223,48079632,244,1525,42
2019-02-27 05:03:41,0,649372,66454946,244,1526,0
2019-05-12 04:13:17,13,751412,4482928,244,1527,63872
2019-01-01 22:13:06,1,571563,214349355,244,1880,656
2019-05-12 04:13:39,2,751413,4547138,244,2256,4908
2019-02-28 05:07:51,0,650752,61565552,244,2257,0
2019-02-28 05:23:19,0,650753,62625723,244,2265,0
2019-02-17 00:57:30,25,50969,489593821,245,429,303887
2019-02-25 10:51:49,0,54991,536817387,245,430,0
2018-12-21 05:19:59,0,105010,590797455,245,431,0
2019-01-15 00:18:05,29,35186,473886200,245,433,288894
2019-02-25 17:50:44,1,55136,619682693,245,436,4700
2019-01-01 21:48:04,0,28928,221941093,245,1190,0
2019-01-15 00:16:02,29,35186,473886200,245,1192,284304
2018-12-20 02:57:22,0,15559,1320922758,246,1530,0
2018-12-18 01:59:05,1,15554,1342579433,246,1707,76152
2018-12-03 05:51:45,1,5475,39089500,247,1531,193956
2019-03-12 16:13:08,0,80242,772900,249,1656,0
2019-01-07 19:10:38,5,34550,2481275,249,1657,9660
2019-05-02 13:21:58,2,97684,1838151,252,1658,4761
2019-01-21 18:23:12,0,36441,6206487,252,1747,0
2019-05-12 04:07:41,5,103692,1743578,252,1748,14933
2019-05-12 04:08:55,0,103692,1743578,252,1749,0
2019-02-02 14:38:13,0,44239,7067379,252,1890,0
2019-02-14 11:59:22,4,52071,11420670,252,1932,6363
2019-03-15 14:08:28,0,70483,30488498,252,1933,0
2019-02-11 06:23:57,2,42499,45487164,256,1662,4864
2019-01-21 18:57:31,0,30747,35840333,256,1663,0
2019-05-09 08:14:17,17,92398,308285649,256,1762,132112
2018-12-24 09:08:03,0,14524,24515173,256,1763,0
2019-05-12 04:12:32,0,94009,243574153,256,1764,0
2019-01-24 15:55:28,0,32397,34634246,256,1765,0
2019-05-12 04:13:14,0,94010,248828202,256,1842,0
2019-05-12 04:13:02,0,94010,248828202,256,1858,0
2019-02-11 06:23:08,2,42498,44901546,256,1973,5080
2019-05-12 04:10:12,0,174563,354000131,256,1974,0
2019-04-23 14:06:18,0,83390,419643510,256,2044,0
2019-04-24 21:35:44,5,84138,354106674,256,2315,40867
2019-05-12 04:14:08,16,94011,255729116,256,2532,321079
2019-02-01 22:49:00,0,99165,1636375681,257,1949,0
2019-01-21 04:44:19,0,48207,567866074,257,2060,0
2019-01-31 18:52:51,0,97489,1701027076,257,2061,0
2019-01-21 08:56:59,0,82494,1839131285,257,2063,0
2019-02-04 15:07:37,0,102961,497915144,257,2064,0
2019-02-23 20:37:06,0,103019,27491273,257,2066,0
2019-02-14 15:03:13,0,103016,36039019,257,2067,0
2019-01-26 20:14:28,1,90381,2701191903,257,2068,2207023
2019-01-19 14:03:17,0,79909,1351361100,257,2069,0
2019-02-02 17:51:23,1,100244,375096777,257,2071,152828
2019-01-21 18:57:32,2,79567,1676767,258,1664,1786
2019-05-12 04:12:54,4,235837,1113127,258,2137,2487
2019-03-22 21:17:13,1,164497,1536837,258,2138,247
2019-03-12 23:11:37,0,13456,1494491,259,2130,0
2018-12-03 23:08:28,1,6009,16274351,260,1665,6234
2018-12-31 11:37:27,1,29538,15003812,260,1666,7125
2019-03-13 00:25:35,4,674908,4116,262,1678,76
2019-02-23 07:44:13,4,573154,4785,262,1679,111
2019-01-13 22:37:53,4,339745,64188533,262,1680,328216
2018-12-09 21:08:58,2,138071,68204497,262,1681,17996
2019-01-03 15:19:41,6,280473,66227828,262,1683,92048
2019-02-20 11:00:02,0,555621,112983377,262,1684,0
2019-05-12 04:13:02,1,1021083,7183,262,1766,12
2019-01-13 02:58:58,0,335025,61317330,262,1804,0
2019-02-23 19:08:01,37,575856,4265,262,1805,2245
2019-01-21 06:49:07,0,381941,55672061,262,1806,0
2019-04-07 09:06:49,0,820985,8692,262,1807,0
2019-02-02 14:37:57,0,452891,63007103,262,1808,0
2019-03-10 17:04:30,1,661789,6100,262,1914,4
2019-03-10 17:04:30,1,661789,6100,262,1915,4
2019-03-10 17:04:30,1,661789,6100,262,1916,4
2019-02-20 11:03:25,0,555621,112983161,262,1917,0
2019-02-20 10:59:31,0,555621,112983035,262,1978,0
2019-02-20 10:18:00,19,555568,117066576,262,1979,1304736
2019-02-23 12:26:21,3,574295,4905,262,1980,666
2019-02-23 14:44:47,0,574789,4260,262,1981,0
2019-02-25 23:31:45,0,588599,6897,262,2045,0
2019-02-23 22:54:14,-1,576754,4379,262,2114,-1
2019-02-07 16:55:15,21,44653,50682784,263,1759,166765
2019-01-21 18:57:52,3,32544,22063718,263,1760,18505
2019-01-23 06:46:51,13,33612,19378251,263,1761,85758
2019-02-22 17:57:05,2,55436,34461099,263,1894,32285
2019-03-22 22:37:50,1,75643,17458382,263,1895,8884
2019-01-18 16:01:30,0,30307,13208931,263,1896,0
2019-04-26 15:50:43,1,100533,46326184,263,1913,1811
2019-02-04 18:00:29,21,42518,30840545,263,2211,208027
2019-04-17 20:40:20,-1,92155,45663724,263,2247,-1
2019-04-10 07:19:18,1,88794,38330225,263,2346,18097
2019-04-01 06:11:19,3,177844,1036692,263,2353,18098
2019-03-14 02:56:52,2,69373,34754378,263,2362,3657
2019-04-10 07:20:23,1,88795,39008843,263,2412,19474
2019-04-25 17:02:32,2,99851,49850341,263,2564,4653
2019-05-07 07:14:50,8,733702,1144433583,264,1784,1479008
2019-01-02 21:16:12,0,652157,20728257065,264,1785,0
2018-12-30 13:13:27,0,648359,650669303,264,1786,0
2019-02-25 13:38:55,0,683614,1084657717,264,1823,0
2019-05-07 00:02:34,2,733524,1530490201,264,1824,513333
2019-04-25 05:52:59,0,725221,1427854387,264,1925,0
2019-05-02 17:48:33,0,730569,1320174573,264,1988,0
2019-05-12 04:13:11,1,737293,1673711281,264,2015,289549
2019-04-28 07:51:21,0,727379,1193233894,264,2117,0
2019-05-12 04:12:46,0,737292,1673718856,264,2196,0
2019-05-12 03:49:30,8,737281,1652287902,264,2223,4369241
2019-04-27 20:28:35,15,727009,1103479214,264,2420,5982493
2019-04-05 13:39:19,0,711037,1304675363,264,2451,0
2019-05-09 04:21:52,2,735106,1351343560,264,2662,346017
2019-01-24 20:10:10,1,26932,18554047,265,1909,2150
2019-02-23 22:03:27,0,48535,21316252,265,1910,0
2019-04-12 17:46:26,1,81302,14859894,265,1911,1054
2019-02-23 13:24:46,0,48273,19311392,265,1975,0
2019-01-16 08:30:56,28,20874,59716793,265,1977,195074
2019-01-27 19:26:23,0,29020,3923488,265,2011,0
2019-02-06 15:07:10,2,39901,2940937,266,1787,11968
2019-04-06 09:22:54,2,58413,416824,266,1788,3984
2019-04-06 09:20:42,2,58413,416824,266,2081,5165
2019-03-30 15:08:21,1,54789,1302403,266,2082,6804
2018-12-17 23:05:38,3,24189,4627357,268,1789,472060
2019-02-02 22:25:34,10,599149,1,268,2158,16379
2019-01-29 02:45:36,3,538874,345074,268,2159,2669
2019-02-02 22:25:34,0,599149,1,268,2160,0
2019-02-02 22:27:34,0,599149,1,268,2161,0
2019-01-16 08:30:36,28,20874,59716793,271,1855,194676
2019-03-07 11:33:09,1,56891,30160450,271,1856,419
2019-01-03 09:25:17,0,11610,107050151,271,1857,0
2019-01-24 20:10:39,1,26932,18554047,271,2056,2034
2019-04-12 17:46:21,1,81302,14859894,271,2057,1054
2019-01-27 19:26:34,0,29020,3923488,271,2058,0
2019-02-23 22:03:28,0,48535,21316252,271,2059,0
2019-01-09 07:04:28,6,173373,33374440,272,1935,141218
2019-01-13 19:34:25,19,212135,47316515,272,1936,229617
2019-05-01 03:14:50,0,916792,13520349,272,1937,0
2019-02-26 22:10:27,7,590549,28847337,272,2110,57126
2019-02-24 22:44:05,0,573498,20706873,272,2111,0
2019-03-30 09:51:26,2,780725,23672809,272,2131,3770
2019-04-26 02:27:23,-1,895198,12661169,272,2132,-1
2019-05-12 04:12:15,24,963981,6672248,272,2134,82569
2019-02-14 01:11:58,1,479857,34994983,272,2204,34
2019-02-23 16:35:14,2,562873,27635200,272,2271,4538
2019-04-24 05:55:30,22,887235,10060170,272,2272,263452
2019-05-12 04:13:34,2,963989,6737697,272,2344,1948
2019-04-25 11:38:19,3,892525,7074774,272,2396,35608
2019-03-25 14:00:40,1,760002,26582676,272,2416,1142
2019-05-12 04:12:22,1,963982,6226922,272,2417,1715
2019-05-08 14:53:25,1,149089,12572641,272,2546,14399
2019-05-08 14:53:25,5,266423,35606911607,272,2547,195343
2019-04-25 11:05:05,64,17208,90112734,272,2594,1872720
2019-04-26 01:36:43,3,84926,1563648,273,1869,11620
2019-02-25 13:38:55,1,43827,2387845,273,2140,3853
2019-03-07 09:40:48,-1,51999,39234070,274,1870,-1
2019-01-03 00:09:00,0,6708,41987291,274,1885,0
2019-01-21 03:39:29,0,19669,40252740,274,1886,0
2019-03-04 13:56:02,1,49991,38757034,274,1887,819
2019-01-09 15:36:57,2,53097,937202,275,1939,55374
2019-02-24 02:57:12,5,46838,98911590,276,1940,818472
2019-03-25 10:45:39,0,67065,35642888,276,1941,0
2019-05-06 19:54:16,0,91670,2142020,276,2146,0
2019-04-29 11:34:36,0,88219,3695797,276,2147,0
2019-02-07 07:37:28,0,46145,45306161,277,2048,0
2019-04-10 04:33:26,2,285150,322498402,277,2049,44799
2019-03-05 15:43:14,0,58919,706856967,277,2050,0
2019-05-12 04:12:16,0,91230,1773022921,277,2051,0
2019-05-12 04:12:51,32,91231,1828075391,277,2052,148829
2019-04-26 21:39:14,-1,83928,1678161764,277,2053,-1
2019-05-12 04:13:54,0,91231,1828075193,277,2054,0
2019-02-25 13:38:46,1,54360,363370,278,2139,3050
2019-02-25 05:49:10,0,30371,445868554,280,2141,0
2019-05-12 04:12:15,2,81937,52694168,280,2440,267533
2019-05-12 04:12:51,1,81938,52694642,280,2441,403375
2019-04-08 06:02:58,1,81580,2204705,281,2142,11200
2019-02-24 00:40:52,2,53019,301621172,281,2143,10680
2019-05-12 04:12:35,4,105459,1487015,281,2144,9755
2019-04-28 07:51:22,0,95615,1983325,281,2237,0
2019-04-26 03:53:27,1,94052,1514226,281,2528,6963
2019-03-09 04:47:39,0,35001,633533134,282,2145,0
2019-04-27 05:49:51,0,45329,184352685,282,2197,0
2019-05-08 14:26:49,0,47399,304772416,282,2198,0
2019-05-12 04:01:05,3,47953,213950448,282,2471,210034
2019-04-05 13:09:16,0,40546,1560095912,282,2481,0
2019-04-30 09:28:44,1,46165,224054191,282,2610,373333
2019-02-04 12:17:58,5,67732,13712357,283,2174,105304
2019-03-17 01:52:54,0,136256,71832,283,2175,0
2019-02-18 10:28:54,11,107541,7653879,283,2176,237114
2019-02-15 09:47:31,0,98842,1315829,283,2178,0
2019-02-05 11:29:39,0,70503,23337869,283,2210,0
2019-05-12 04:12:50,3,73723,227165567,284,2180,76378
2019-05-12 04:12:26,3,73724,227165567,284,2442,944574
2019-02-21 11:09:56,0,13410,16090097,285,2179,0
2019-04-19 19:06:05,1,48627,250910,285,2281,61
2019-03-12 04:58:05,0,25091,3366460,285,2298,0
2019-05-12 04:12:59,5,158005,13752658,286,2182,24412
2019-04-24 19:10:37,1,133155,8057848,286,2183,11667
2019-04-30 07:47:51,1,141079,15244507,286,2184,683
2019-04-29 12:23:52,0,139902,13056676,286,2185,0
2019-02-23 22:03:28,0,47828,29495027,286,2186,0
2019-02-05 11:29:38,0,21534,23408192,286,2202,0
2019-04-21 16:03:17,0,128731,22085391,286,2356,0
2019-03-15 03:31:12,9,75201,26940392,286,2359,331223
2019-04-26 04:24:36,-1,135154,17294483,286,2379,-1
2019-05-12 04:10:47,0,158004,12733943,286,2520,0
2019-04-24 19:41:26,1,133189,9185236,286,2521,22807
2019-04-27 01:36:33,0,136413,17358782,286,2570,0
2019-05-08 16:22:10,4,45411,67455335,286,2596,58817
2019-04-25 19:01:36,0,5936,839109366,286,2597,0
2019-03-13 09:06:57,0,28212,224170634,287,2212,0
2019-04-28 18:32:16,-1,132252,17725938,294,2255,-1
2019-04-09 01:49:47,2,584095,9515817,294,2290,24910
2019-04-30 16:25:36,-1,135510,22846065,294,2368,-1
2019-04-29 06:13:41,1,133101,26374976,294,2517,567
2019-05-12 04:12:17,3,155201,20608604,294,2518,16233
2019-05-12 04:13:33,4,155203,20473679,294,2543,14851
2019-05-12 04:13:36,1,155203,20473679,294,2544,233
2019-05-12 04:13:59,4,155203,20473679,294,2575,14451
2019-05-08 13:01:13,1,148961,15519214,294,2624,11365
2019-05-12 04:11:11,0,52425,151334723,297,2274,0
2019-05-12 04:10:50,2,52425,151334723,297,2280,372550
2019-04-27 21:45:28,10,56920,1525302,298,2276,14276
2019-04-29 22:00:25,1,58368,18723441,299,2275,20
2019-04-25 12:07:54,0,55251,3915416,299,2448,0
2019-05-12 04:12:51,1,66969,66053812,299,2449,1195
2019-05-12 04:12:46,3,66969,66053812,299,2450,29492
2019-05-12 04:12:21,2,66969,66053812,299,2533,839
2019-05-08 14:28:33,6,89529,2090347427,299,2679,94603
2019-04-26 12:10:59,4,158101,2714797,300,2277,35439
2019-03-29 15:54:10,5,119814,2129265,300,2428,16214
2019-03-29 02:15:44,0,119057,2309167,300,2473,0
2019-04-08 16:14:23,0,133601,6609070,300,2485,0
2019-05-12 04:10:11,0,174563,354000131,300,2536,0
2019-04-26 06:49:50,1,157798,1855571,300,2537,81
2019-05-09 20:31:45,0,176469,923667,300,2538,0
2019-05-12 04:14:01,4,179662,2199176,300,2565,3447
2019-05-01 05:02:06,4,98228,21031209,301,2282,8156
2019-05-12 04:14:07,9,113948,15884363,301,2299,14884
2019-05-12 04:12:58,0,113947,17646513,301,2308,0
2019-04-26 15:56:15,1,91704,27784174,301,2342,184
2019-05-08 14:28:35,6,89529,2090347427,301,2622,94603
2019-05-08 13:17:33,5,39941,20551439,302,2467,40542
2019-05-12 04:10:25,3,41215,9460762,302,2468,10839
2019-04-19 18:19:09,0,33460,40914629,302,2487,0
2019-05-02 06:20:37,4,48744,68975090,303,2289,49091
2019-05-03 01:16:53,0,49285,69031046,303,2476,0
2019-04-26 05:23:08,1,44448,45695717,303,2477,70
2019-05-12 04:10:51,0,55796,111960548,303,2478,0
2019-04-12 13:41:45,0,34931,83359111,303,2480,0
2019-03-26 13:02:11,0,18080,280755,304,2318,0
2019-05-12 04:11:34,3,45921,8916091,304,2655,15079
2019-05-12 04:11:33,1,45921,8916091,304,2656,6741
2019-03-22 17:47:22,2,60339,2511808,305,2462,3317
2019-04-01 06:11:20,1,86748,1836002,305,2463,1637
2019-05-12 04:13:48,2,200279,8718220,305,2464,66994
2019-05-02 10:15:01,1,173299,5738878,305,2465,34950
2019-04-25 20:56:34,1,146100,14094,305,2466,637
2019-05-12 04:13:25,0,200278,7999116,305,2541,0
2019-04-12 23:12:49,2,21932,27286755,305,2542,1599
2019-04-11 08:26:47,0,152499,63800173,305,2567,0
2019-05-09 20:31:28,0,193823,1812779,305,2568,0
2019-05-12 04:13:20,1,200277,7813948,305,2630,195
2019-05-08 10:34:57,0,189909,2762762,305,2631,0
2019-05-08 12:25:26,0,190121,1608441,305,2633,0
2019-04-24 22:02:59,2,75784,2632729,306,2345,6080
2019-04-01 06:11:17,0,43120,18865046,306,2456,0
2019-05-12 04:13:34,4,155203,20473679,306,2457,14851
2019-05-01 03:58:54,1,84428,10593466,306,2458,3791
2019-05-12 04:12:36,3,99681,9744253,306,2552,15011
2019-05-10 07:02:12,6,48757,38931840,306,2648,89860
2019-05-11 04:59:15,0,93656,45336768,308,2454,0
2019-05-12 04:13:49,2,95039,35414497,308,2455,6781
2019-04-27 21:35:11,4,73999,12436951,308,2475,36645
2019-05-09 04:21:47,10,90733,29125608,308,2625,244879
2019-04-25 07:05:08,3,237253,32128596,309,2488,13176
2019-04-29 20:16:15,4,263404,29094092,309,2489,36741
2019-04-24 22:31:08,5,235201,31738734,309,2490,76903
2019-05-12 04:14:02,9,334210,14159345,309,2491,111820
2019-04-27 23:50:05,29,252770,53912403,309,2550,1414499
2019-05-12 04:12:25,2,46456,909710774,310,2492,205346
2019-05-01 05:16:51,1,43039,5051038,310,2493,5667
2019-05-12 04:12:36,3,51377,43303679,311,2499,118683
2019-05-12 04:12:39,3,51377,43303679,311,2503,118683
2019-05-08 12:38:32,6,47553,24879735,311,2504,106188
2019-05-12 04:12:37,0,51378,43303679,311,2560,0
